,date,open,high,low,close,volume
1008,2012-01-03,45.67,46.13,43.94,3.783033267238013,402336
1009,2012-01-04,43.99,44.68,43.23,3.8234154074969697,455202
1010,2012-01-05,44.14,45.52,43.48,3.8990245211733146,271429
1011,2012-01-06,45.42,46.18,44.98,3.943702633800245,199144
1012,2012-01-09,46.31,46.32,45.25,3.932533105643513,292980
1013,2012-01-10,46.93,47.05,46.06,4.011578997214237,248533
1014,2012-01-11,46.22,46.61,45.54,3.9342514945907023,191448
1015,2012-01-12,45.88,46.23,44.8,3.9058980769620733,452467
1016,2012-01-13,44.97,45.78,44.93,3.8981653266997194,275169
1017,2012-01-17,45.54,45.54,44.18,3.8182602406554005,371735
1018,2012-01-18,44.52,45.62,44.23,3.909334854856452,175228
1019,2012-01-19,45.45,45.5,44.7,3.8466136582840305,322935
1020,2012-01-20,44.77,45.74,44.69,3.917067605118806,206657
1021,2012-01-23,45.48,45.92,45.4,3.926518744328349,395277
1022,2012-01-24,45.45,46.04,44.85,3.9256595498547537,312922
1023,2012-01-25,45.48,47.8,45.28,4.082032944049012,555351
1024,2012-01-26,47.75,48.13,47.58,4.118119111939994,303662
1025,2012-01-27,47.55,49.0,47.55,4.202320170352287,274017
1026,2012-01-30,48.45,49.13,47.96,4.210052920614641,392938
1027,2012-01-31,49.34,50.1,48.71,4.298549951394908,506046
1028,2012-02-01,50.09,51.0,49.85,4.373299870597657,360953
1029,2012-02-02,50.83,51.85,50.82,4.452345762168381,381161
1030,2012-02-03,52.46,54.46,51.92,4.662848408199114,528014
1031,2012-02-06,53.82,54.11,52.68,4.543420376369433,692873
1032,2012-02-07,53.02,53.51,52.23,4.549434737684597,275950
1033,2012-02-08,52.95,53.42,52.93,4.586380100049174,410798
1034,2012-02-09,53.34,53.94,53.03,4.587239294522769,182069
1035,2012-02-10,53.0,53.16,52.64,4.545997959790217,471640
1036,2012-02-13,53.32,53.5,52.84,4.569196210577277,270843
1037,2012-02-14,53.11,53.67,52.76,4.599268017153096,280707
1038,2012-02-15,53.76,54.15,53.17,4.579506544260416,373649
1039,2012-02-16,53.25,54.0,53.2,4.621607073466562,446297
1040,2012-02-17,52.42,52.92,50.96,4.474684818481847,849103
1041,2012-02-21,52.2,53.22,51.56,4.461796901377925,487342
1042,2012-02-22,51.57,51.68,50.33,4.366426314808899,390862
1043,2012-02-23,51.0,51.18,50.58,4.362130342440925,292471
1044,2012-02-24,50.75,50.93,50.12,4.319170618761184,293427
1045,2012-02-27,50.0,50.6,49.68,4.2796476729758215,367335
1046,2012-02-28,50.0,50.41,49.41,4.318311424287589,297177
1047,2012-02-29,50.26,50.66,49.64,4.265900561398304,261462
1048,2012-03-01,49.51,49.96,48.71,4.192869031142744,374409
1049,2012-03-02,48.86,49.17,47.7,4.161078835619736,543547
1050,2012-03-05,48.11,49.01,48.01,4.192869031142744,237381
1051,2012-03-06,48.35,48.68,48.02,4.1318662235175125,312737
1052,2012-03-07,48.1,48.85,48.06,4.1894322532483645,227054
1053,2012-03-08,49.16,49.54,48.26,4.246998282979218,259665
1054,2012-03-09,49.62,50.38,49.52,4.295972367974123,213180
1055,2012-03-12,50.16,50.42,49.62,4.287380423238175,251770
1056,2012-03-13,50.05,50.12,49.42,4.306282701657261,328189
1057,2012-03-14,49.86,50.14,49.16,4.246998282979218,178122
1058,2012-03-15,49.61,50.22,49.05,4.3097194795516405,288677
1059,2012-03-16,49.99,50.0,48.53,4.173966752723658,323005
1060,2012-03-19,48.47,48.76,48.05,4.157642057725357,268374
1061,2012-03-20,48.03,48.1,47.41,4.096639250100124,297966
1062,2012-03-21,47.94,48.48,47.31,4.0674266379979,303016
1063,2012-03-22,47.08,47.92,46.87,4.111245556151236,221164
1064,2012-03-23,47.73,47.73,46.42,4.058834693261952,291043
1065,2012-03-26,48.08,50.89,47.92,4.329480952444322,856859
1066,2012-03-27,50.43,50.75,49.99,4.320889007708373,248130
1067,2012-03-28,50.25,50.86,49.0,4.245279894032028,167720
1068,2012-03-29,49.21,49.57,48.95,4.2375471437696755,168277
1069,2012-03-30,50.25,51.0,49.97,4.326044174549942,484623
1070,2012-04-02,50.46,51.19,50.32,4.3818918153336055,377087
1071,2012-04-03,50.87,51.23,50.54,4.371581481650468,249494
1072,2012-04-04,50.29,50.34,49.12,4.271055728239873,210965
1073,2012-04-05,49.47,49.96,48.34,4.262463783503925,361965
1074,2012-04-09,48.75,48.99,48.56,4.204038559299477,197047
1075,2012-04-10,48.92,49.02,47.26,4.09578005562653,460275
1076,2012-04-11,47.86,48.74,47.81,4.11554152851921,431297
1077,2012-04-12,48.58,49.57,48.17,4.222940837718563,289924
1078,2012-04-13,49.1,49.48,48.75,4.196305809037124,212371
1079,2012-04-16,49.0,49.0,48.19,4.185136280880391,239671
1080,2012-04-17,49.0,49.2,48.51,4.191150642195555,289245
1081,2012-04-18,48.54,49.06,47.8,4.158501252198952,388938
1082,2012-04-19,48.25,48.6,47.32,4.097498444573719,437006
1083,2012-04-20,48.15,48.17,46.75,4.0210301364237795,523406
1084,2012-04-23,46.5,46.72,45.86,3.976352023796849,560464
1085,2012-04-24,46.21,47.21,45.98,3.990958329847961,368523
1086,2012-04-25,47.04,47.98,46.76,4.056257109841168,305365
1087,2012-04-26,47.28,48.45,47.21,4.136162195885486,382032
1088,2012-04-27,45.25,46.5,43.88,3.8689527145974956,1599788
1089,2012-04-30,45.0,45.17,42.72,3.7108609314560477,726777
1090,2012-05-01,43.51,44.55,42.74,3.6764931525122546,675646
1091,2012-05-02,42.54,43.69,42.34,3.7280448209279444,540320
1092,2012-05-03,43.14,43.58,43.0,3.716016098297617,388600
1093,2012-05-04,43.46,44.21,43.19,3.787329239605987,728815
1094,2012-05-07,44.03,45.02,44.0,3.8010763511835046,460856
1095,2012-05-08,43.92,44.42,43.13,3.8096682959194528,582007
1096,2012-05-09,44.1,44.77,43.79,3.8294297688121337,757588
1097,2012-05-10,44.85,45.65,44.56,3.89644693775253,473784
1098,2012-05-11,44.95,46.15,44.95,3.9600273287985472,491782
1099,2012-05-14,45.73,46.42,45.3,3.94628021722103,568072
1100,2012-05-15,45.69,46.13,45.15,3.9084756603828574,682093
1101,2012-05-16,45.59,46.04,45.28,3.8990245211733146,317960
1102,2012-05-17,45.25,45.25,43.89,3.7753005169756593,645024
1103,2012-05-18,43.82,44.58,43.18,3.7203120706655906,478023
1104,2012-05-21,43.48,43.87,42.27,3.755539044082979,667066
1105,2012-05-22,43.94,44.85,43.88,3.8302889632857284,351650
1106,2012-05-23,44.13,45.84,44.13,3.926518744328349,473685
1107,2012-05-24,45.89,46.38,44.29,3.8397401024952713,463905
1108,2012-05-25,44.84,44.84,44.14,3.828570574338539,371592
1109,2012-05-29,44.96,45.0,44.18,3.864656742229521,252264
1110,2012-05-30,44.71,44.92,43.99,3.783892461711608,220257
1111,2012-05-31,44.04,44.17,42.89,3.762412599871737,296466
1112,2012-06-01,42.88,43.15,41.63,3.5845593438376087,541001
1113,2012-06-04,41.73,41.87,40.75,3.518401369370807,558600
1114,2012-06-05,40.65,42.14,40.49,3.6129127614662373,432802
1115,2012-06-06,42.45,42.46,42.12,3.630096650938134,242785
1116,2012-06-07,42.94,43.13,41.86,3.600024844362315,296540
1117,2012-06-08,41.72,42.36,41.25,3.623223095149376,284490
1118,2012-06-11,42.67,42.8,41.71,3.583700149364014,292891
1119,2012-06-12,41.74,42.1,40.6,3.517542174897212,529674
1120,2012-06-13,41.14,41.14,38.11,3.2993067786041266,1907075
1121,2012-06-14,38.63,39.45,38.14,3.319068251496808,1025547
1122,2012-06-15,38.53,39.74,38.19,3.4049876988562904,413724
1123,2012-06-18,39.34,39.85,38.67,3.325941807285566,348503
1124,2012-06-19,38.7,39.28,38.36,3.3508584470198164,869996
1125,2012-06-20,39.13,39.44,38.44,3.3646055585973333,258370
1126,2012-06-21,39.16,39.39,38.2,3.2993067786041266,313746
1127,2012-06-22,38.47,38.68,37.84,3.268375777554713,334135
1128,2012-06-25,37.69,37.96,37.5,3.224556859401377,244531
1129,2012-06-26,37.55,37.91,37.2,3.204795386508696,307109
1130,2012-06-27,37.59,37.59,36.89,3.191048274931179,474354
1131,2012-06-28,36.96,37.44,36.46,3.179878746774446,629455
1132,2012-06-29,37.71,38.44,37.27,3.264938999660334,471050
1133,2012-07-02,38.38,38.38,37.58,3.245177526767653,315317
1134,2012-07-03,37.67,37.9,37.55,3.2408815543996785,132885
1135,2012-07-05,37.59,38.96,37.51,3.337970529915894,226817
1136,2012-07-06,38.44,38.82,37.84,3.3070395288664804,250225
1137,2012-07-09,38.28,38.78,38.28,3.3302377796535403,355879
1138,2012-07-10,38.77,39.29,38.75,3.362027975176549,421563
1139,2012-07-11,39.08,39.62,38.72,3.391240587278773,505177
1140,2012-07-12,39.09,39.94,39.0,3.426467560696161,360728
1141,2012-07-13,39.82,40.39,39.6,3.4548209783247903,278596
1142,2012-07-16,39.98,40.93,39.47,3.47973761805904,335026
1143,2012-07-17,40.6,41.04,40.37,3.5072318412140744,318443
1144,2012-07-18,40.75,42.05,40.52,3.5948696775207467,274941
1145,2012-07-19,42.02,42.67,41.67,3.6223639006757806,210154
1146,2012-07-20,40.71,41.22,39.9,3.5209789527915913,379642
1147,2012-07-23,40.39,40.55,39.81,3.451384200430411,196213
1148,2012-07-24,40.13,40.27,38.59,3.3207866404439974,333500
1149,2012-07-25,38.76,38.99,37.81,3.3276601962327557,479926
1150,2012-07-26,39.44,40.02,38.51,3.423030782801782,406528
1151,2012-07-27,39.0,41.98,38.26,3.5484731759466257,840753
1152,2012-07-30,41.16,41.45,39.66,3.4238899772753766,225492
1153,2012-07-31,39.7,40.1,39.44,3.400691726488316,237906
1154,2012-08-01,39.69,39.92,38.8,3.3336745575479196,283664
1155,2012-08-02,38.67,39.3,38.29,3.3302377796535403,173842
1156,2012-08-03,39.21,40.11,38.65,3.3972549485939365,233384
1157,2012-08-06,39.67,40.47,39.5,3.4393554778000834,187481
1158,2012-08-07,40.22,41.56,40.22,3.5072318412140744,407976
1159,2012-08-08,40.5,40.73,39.81,3.4505250059568158,360760
1160,2012-08-09,40.29,40.56,40.02,3.4565393672719793,197969
1161,2012-08-10,40.27,40.27,39.25,3.413579643592238,342513
1162,2012-08-13,39.77,40.14,39.35,3.4324819220113247,308906
1163,2012-08-14,40.05,40.13,39.26,3.3826486425428244,281339
1164,2012-08-15,39.46,40.03,39.23,3.417016421486618,231759
1165,2012-08-16,39.83,40.06,39.51,3.436777894379299,209741
1166,2012-08-17,39.87,40.2,39.07,3.376634281227661,247602
1167,2012-08-20,39.16,39.22,38.46,3.337970529915894,237892
1168,2012-08-21,38.83,39.63,38.68,3.3989733375411264,297738
1169,2012-08-22,39.63,40.78,39.42,3.4805968125326348,291639
1170,2012-08-23,40.45,40.64,40.01,3.4488066170096263,277314
1171,2012-08-24,39.96,40.27,39.75,3.4470882280624364,172330
1172,2012-08-27,40.24,40.48,39.97,3.4539617838511956,267226
1173,2012-08-28,40.15,40.43,39.54,3.4625537285871433,209704
1174,2012-08-29,40.3,41.29,40.08,3.526993314106755,271438
1175,2012-08-30,40.8,41.04,40.2,3.5141053970028326,202072
1176,2012-08-31,41.2,41.36,40.58,3.526993314106755,222633
1177,2012-09-04,40.98,41.49,40.29,3.536444453316298,224312
1178,2012-09-05,40.89,41.35,40.64,3.5003582854253157,181504
1179,2012-09-06,40.99,41.58,40.99,3.5656570654185225,183376
1180,2012-09-07,41.82,42.6,41.42,3.6532949017251948,292483
1181,2012-09-10,42.37,43.42,42.36,3.7211712651391857,293416
1182,2012-09-11,43.43,43.95,43.2,3.7753005169756593,317094
1183,2012-09-12,43.92,44.35,43.6,3.774441322502065,226275
1184,2012-09-13,44.01,44.77,43.32,3.8036539346042892,244290
1185,2012-09-14,44.49,45.0,43.47,3.7615534053981423,214087
1186,2012-09-17,43.74,43.74,42.92,3.692817847510556,153982
1187,2012-09-18,42.8,43.42,41.96,3.7297632098751334,129210
1188,2012-09-19,43.5,44.37,42.66,3.8053723235514783,229769
1189,2012-09-20,44.01,44.55,43.65,3.8036539346042892,173610
1190,2012-09-21,44.58,44.97,44.15,3.8182602406554005,274110
1191,2012-09-24,44.37,45.23,43.93,3.8431768803896507,180520
1192,2012-09-25,44.83,45.14,44.0,3.7864700451323925,240889
1193,2012-09-26,44.06,44.53,43.74,3.8036539346042892,135757
1194,2012-09-27,44.38,45.36,44.01,3.885277409595797,235071
1195,2012-09-28,44.81,45.58,44.28,3.89644693775253,256635
1196,2012-10-01,45.38,45.59,44.93,3.8912917709109607,322009
1197,2012-10-02,45.5,45.63,44.79,3.879263048280633,281014
1198,2012-10-03,45.08,45.27,42.62,3.7014097922465043,564599
1199,2012-10-04,43.11,43.46,42.1,3.637829401200488,406793
1200,2012-10-05,42.26,42.57,41.09,3.547613981473031,493600
1201,2012-10-08,41.25,41.25,39.89,3.4831743959534194,757621
1202,2012-10-09,40.75,40.84,39.8,3.459116950692764,330068
1203,2012-10-10,40.37,41.17,40.19,3.4900479517421776,298501
1204,2012-10-11,40.75,40.88,40.43,3.47801922911185,224008
1205,2012-10-12,40.29,40.53,39.64,3.435918699905704,157134
1206,2012-10-15,40.22,40.4,39.6,3.4462290335888417,279815
1207,2012-10-16,40.22,40.55,39.92,3.4445106446416522,241912
1208,2012-10-17,40.22,40.22,39.63,3.4256083662225656,228176
1209,2012-10-18,39.74,40.05,39.37,3.3972549485939365,241473
1210,2012-10-19,39.07,39.09,37.0,3.2580654438715753,837757
1211,2012-10-22,38.37,38.52,37.15,3.221120081506998,286159
1212,2012-10-23,37.29,38.28,36.8,3.273530944396282,1217309
1213,2012-10-24,38.17,38.61,37.28,3.245177526767653,685580
1214,2012-10-25,38.17,39.03,38.05,3.288996444920989,477568
1215,2012-10-26,35.53,36.48,31.03,2.7726205662904997,5316675
1216,2012-10-31,32.36,33.12,31.79,2.845652096546059,862527
1217,2012-11-01,33.13,33.66,32.95,2.8808790699634472,923149
1218,2012-11-02,33.76,33.99,33.45,2.883456653384232,421528
1219,2012-11-05,33.65,33.86,32.8,2.830186596021352,241315
1220,2012-11-06,32.95,33.72,32.78,2.886893431278611,382886
1221,2012-11-07,33.41,34.74,33.0,2.948755433377438,604092
1222,2012-11-08,34.35,34.76,33.0,2.8551032357556023,234372
1223,2012-11-09,33.18,34.08,33.1,2.877442292069068,436601
1224,2012-11-12,33.82,34.26,33.66,2.91696523785443,198007
1225,2012-11-13,33.85,34.26,33.14,2.860258402597171,361724
1226,2012-11-14,33.46,33.6,32.73,2.822453845758999,292291
1227,2012-11-15,32.96,33.91,32.82,2.9032181262769123,333299
1228,2012-11-16,33.66,34.01,32.85,2.8791606810162573,319571
1229,2012-11-19,33.86,33.86,32.95,2.856821624702792,323635
1230,2012-11-20,33.28,33.49,32.41,2.8207354568118093,323377
1231,2012-11-21,32.98,33.45,32.8,2.8654135694387404,142887
1232,2012-11-23,33.53,33.73,33.31,2.8851750423314213,83106
1233,2012-11-26,33.6,33.61,33.07,2.872287125227499,180693
1234,2012-11-27,33.46,34.25,33.23,2.9143876544336456,257760
1235,2012-11-28,33.88,34.44,33.6,2.9384450996943006,363705
1236,2012-11-29,34.23,35.16,34.14,3.0054622686346963,271844
1237,2012-11-30,35.0,35.13,34.2,2.9461778499566535,244067
1238,2012-12-03,34.44,34.71,33.91,2.9530514057454123,152506
1239,2012-12-04,34.02,34.35,32.3,2.7803533165528527,447455
1240,2012-12-05,32.45,32.55,31.88,2.7666062049753357,269695
1241,2012-12-06,32.16,32.47,32.03,2.77090217734331,189793
1242,2012-12-07,32.43,32.6,32.2,2.779494122079258,106371
1243,2012-12-10,32.6,32.91,32.1,2.7743389552376887,287665
1244,2012-12-11,32.44,32.86,32.21,2.793241233656775,192525
1245,2012-12-12,32.65,32.89,32.28,2.786367677868016,186790
1246,2012-12-13,32.32,32.9,32.32,2.8104251231286717,146206
1247,2012-12-14,32.43,33.22,32.4,2.836200957336516,185857
1248,2012-12-17,33.26,33.86,32.83,2.8387785407573007,345585
1249,2012-12-18,33.14,37.17,33.14,3.023505352580188,786235
1250,2012-12-19,33.73,34.8,33.25,2.9771088510060673,430596
1251,2012-12-20,34.56,34.82,34.1,2.9736720731116884,216318
1252,2012-12-21,34.32,34.53,33.71,2.9367267107471107,513291
1253,2012-12-24,33.85,34.25,33.59,2.9410226831150847,57706
1254,2012-12-26,34.25,34.27,33.76,2.9126692654864557,137526
1255,2012-12-27,34.03,34.23,33.8,2.9298531549583524,124623
1256,2012-12-28,33.87,34.02,33.12,2.846511291019654,277234
1257,2012-12-31,33.2,33.34,32.79,2.8267498181269732,410498
1258,2013-01-02,33.35,34.46,33.28,2.8808790699634472,487362
1259,2013-01-03,33.62,35.4,33.36,2.978827239953257,524505
1260,2013-01-04,34.98,35.66,34.52,3.0200685746858085,311517
1261,2013-01-07,35.31,35.38,34.66,3.030378908368947,125854
1262,2013-01-08,35.13,35.48,33.98,2.9281347660111625,274130
1263,2013-01-09,33.0,33.55,32.58,2.831904984968542,488305
1264,2013-01-10,33.5,36.42,33.25,2.91696523785443,1441306
1265,2013-01-11,33.92,34.09,33.54,2.9289939604847577,382085
1266,2013-01-14,34.1,34.55,33.62,2.9384450996943006,351679
1267,2013-01-15,34.02,34.39,33.86,2.9332899328527313,481187
1268,2013-01-16,33.97,33.97,33.1,2.856821624702792,302059
1269,2013-01-17,33.44,33.97,33.3,2.8989221539089387,376845
1270,2013-01-18,33.74,33.74,32.94,2.8482296799668436,557412
1271,2013-01-22,33.09,33.94,33.06,2.8954853760145594,252395
1272,2013-01-23,33.78,33.89,32.91,2.8353417628629214,235177
1273,2013-01-24,32.98,33.35,32.94,2.8654135694387404,260192
1274,2013-01-25,33.56,33.56,32.68,2.8215946512854044,398618
1275,2013-01-28,32.84,33.04,32.39,2.812143512075861,271161
1276,2013-01-29,32.77,32.77,31.93,2.756295871292197,329268
1277,2013-01-30,32.05,32.06,31.27,2.7047442028765083,334929
1278,2013-01-31,31.5,32.02,31.3,2.7468447320826543,485395
1279,2013-02-01,32.18,32.31,31.87,2.757155065765793,373914
1280,2013-02-04,32.03,32.31,31.91,2.7528590933978183,365498
1281,2013-02-05,32.04,32.17,31.91,2.7502815099770337,236645
1282,2013-02-06,31.98,33.0,31.94,2.8336233739157315,225860
1283,2013-02-07,32.86,33.53,32.86,2.875723903121878,382399
1284,2013-02-08,33.41,33.71,33.22,2.8714279307539043,197210
1285,2013-02-11,33.48,33.93,33.06,2.902358931803318,333714
1286,2013-02-12,33.75,34.57,33.68,2.964220933902145,347336
1287,2013-02-13,34.34,34.36,33.05,2.872287125227499,525211
1288,2013-02-14,33.43,33.65,33.15,2.8851750423314213,141784
1289,2013-02-15,33.87,34.04,33.12,2.8490888744404383,579386
1290,2013-02-19,33.17,34.58,32.95,2.84393370759887,523350
1291,2013-02-20,31.78,31.85,29.0,2.6274167002529736,2052118
1292,2013-02-21,30.28,30.94,30.15,2.6239799223585947,582116
1293,2013-02-22,30.74,31.23,30.42,2.6729540073534994,301108
1294,2013-02-25,31.14,31.22,30.52,2.626557505779379,314848
1295,2013-02-26,30.51,30.71,30.26,2.6222615334114048,490699
1296,2013-02-27,30.55,31.59,30.55,2.6892787023518014,448564
1297,2013-02-28,31.33,31.36,30.6,2.645459784198465,484752
1298,2013-03-01,30.61,30.93,30.0,2.6239799223585947,323035
1299,2013-03-04,30.31,30.36,29.18,2.5337645026311377,526924
1300,2013-03-05,29.66,29.99,29.52,2.5595403368389826,397871
1301,2013-03-06,29.8,29.94,29.17,2.5260317523687843,499158
1302,2013-03-07,29.37,30.26,28.94,2.591330532361991,700456
1303,2013-03-08,30.31,31.1,30.31,2.67123561840631,558037
1304,2013-03-11,31.0,31.46,30.82,2.7004482305085338,286156
1305,2013-03-12,31.48,31.84,31.46,2.7073217862972925,367449
1306,2013-03-13,31.53,32.31,31.53,2.7416895652410855,316249
1307,2013-03-14,32.01,32.2,31.54,2.762310232607361,388846
1308,2013-03-15,32.18,32.24,31.48,2.72106889787481,386757
1309,2013-03-18,31.39,31.72,30.95,2.713336147612456,161247
1310,2013-03-19,31.58,31.64,31.06,2.6987298415613443,191080
1311,2013-03-20,32.0,32.24,31.52,2.748563121029844,241457
1312,2013-03-21,31.8,32.53,31.8,2.777775733132068,209121
1313,2013-03-22,32.43,32.84,32.19,2.8087067341814818,212123
1314,2013-03-25,32.71,33.0,32.62,2.807847539707887,282397
1315,2013-03-26,32.75,33.02,32.35,2.8370601518101113,231322
1316,2013-03-27,32.79,33.34,32.74,2.837919346283706,212158
1317,2013-03-28,33.03,33.48,32.89,2.8593992081235764,258187
1318,2013-04-01,33.16,33.49,32.5,2.812143512075861,281618
1319,2013-04-02,32.73,32.86,31.94,2.757155065765793,174791
1320,2013-04-03,32.24,32.44,31.3,2.7124769531388617,245711
1321,2013-04-04,31.65,32.67,31.62,2.803551567339913,267081
1322,2013-04-05,32.23,32.75,32.04,2.812143512075861,196835
1323,2013-04-08,32.72,33.16,32.66,2.836200957336516,297821
1324,2013-04-09,33.02,33.7,32.97,2.886893431278611,392563
1325,2013-04-10,33.71,34.56,33.71,2.9221204046959985,352639
1326,2013-04-11,33.88,34.15,33.07,2.856821624702792,260706
1327,2013-04-12,33.01,33.46,32.75,2.8654135694387404,142909
1328,2013-04-15,33.19,33.46,32.08,2.7726205662904997,184357
1329,2013-04-16,32.51,32.65,32.19,2.79410042813037,279469
1330,2013-04-17,32.22,32.57,31.9,2.786367677868016,168488
1331,2013-04-18,32.58,32.58,31.51,2.7245056757691892,173859
1332,2013-04-19,31.76,32.45,31.63,2.762310232607361,179561
1333,2013-04-22,31.96,32.04,31.32,2.7270832591899734,233170
1334,2013-04-23,31.06,32.64,31.06,2.793241233656775,266958
1335,2013-04-24,32.64,33.51,32.19,2.8783014865426626,430466
1336,2013-04-25,33.99,34.84,33.74,2.948755433377438,768424
1337,2013-04-26,35.18,36.96,34.47,3.0853673546790152,703867
1338,2013-04-29,36.12,36.37,34.59,2.9745312675852826,412384
1339,2013-04-30,34.59,34.8,33.95,2.9470370444302483,442746
1340,2013-05-01,34.28,34.38,33.05,2.861117597070766,539777
1341,2013-05-02,33.32,34.6,33.12,2.9444594610094645,292988
1342,2013-05-03,34.58,35.8,34.26,3.0312381028425417,425573
1343,2013-05-06,34.98,35.72,34.92,3.022646158106593,249629
1344,2013-05-07,35.18,35.87,34.77,3.0329564917897307,219622
1345,2013-05-08,35.08,35.29,34.6,3.0320972973161364,296280
1346,2013-05-09,35.15,35.72,35.02,3.044126019946464,182568
1347,2013-05-10,35.37,36.82,35.31,3.1386374120418945,314358
1348,2013-05-13,36.23,36.54,36.23,3.1197351336228087,352776
1349,2013-05-14,36.24,37.21,36.22,3.1919074694047738,280870
1350,2013-05-15,37.17,37.79,36.86,3.1815971357216357,234654
1351,2013-05-16,36.87,37.6,36.67,3.189329885983989,300486
1352,2013-05-17,37.23,37.49,36.98,3.221120081506998,281667
1353,2013-05-20,37.8,38.46,37.51,3.3010251675513165,384328
1354,2013-05-21,38.54,38.94,38.48,3.339688918863083,402007
1355,2013-05-22,39.02,39.26,38.59,3.332815363074325,301108
1356,2013-05-23,38.36,38.77,37.82,3.2640798051867392,304178
1357,2013-05-24,37.69,37.89,36.86,3.1815971357216357,324638
1358,2013-05-28,37.36,38.03,36.93,3.2039361920351013,266156
1359,2013-05-29,37.23,37.55,36.91,3.1970626362463426,190522
1360,2013-05-30,37.32,37.87,37.17,3.244318332294058,179557
1361,2013-05-31,37.69,38.44,37.51,3.2254160538749717,192750
1362,2013-06-03,37.41,37.97,36.94,3.249473499135627,181883
1363,2013-06-04,37.91,38.26,37.44,3.228852831769351,133943
1364,2013-06-05,37.56,37.99,37.13,3.198781025193532,123714
1365,2013-06-06,37.24,37.67,37.19,3.2340079986109203,108719
1366,2013-06-07,37.91,37.91,37.4,3.249473499135627,230044
1367,2013-06-10,38.06,38.98,37.96,3.3353929464951095,205558
1368,2013-06-11,38.44,38.86,37.79,3.2640798051867392,233364
1369,2013-06-12,38.07,38.33,37.27,3.2340079986109203,177082
1370,2013-06-13,37.66,38.25,37.17,3.282982083605825,166386
1371,2013-06-14,38.21,38.34,38.01,3.274390138869877,108618
1372,2013-06-17,38.37,38.72,38.04,3.2786861112378505,112652
1373,2013-06-18,38.11,38.6,37.71,3.25892463834517,183051
1374,2013-06-19,37.95,38.46,37.48,3.2202608870334024,215140
1375,2013-06-20,37.0,37.32,36.34,3.126608689411567,216227
1376,2013-06-21,36.34,36.69,35.06,3.0750570209958776,432676
1377,2013-06-24,35.43,35.78,35.12,3.0613099094183607,304653
1378,2013-06-25,35.86,36.24,35.59,3.0716202431014983,137248
1379,2013-06-26,35.99,37.19,35.89,3.176441968880067,233993
1380,2013-06-27,37.09,37.45,36.7,3.2030769975615065,242279
1381,2013-06-28,37.17,37.61,36.94,3.1876114970367997,324889
1382,2013-07-01,37.22,38.43,37.1,3.274390138869877,283742
1383,2013-07-02,38.13,38.7,38.13,3.3156314736024286,164071
1384,2013-07-03,38.5,38.58,37.77,3.2855596670266096,135068
1385,2013-07-05,38.84,38.85,38.37,3.332815363074325,75649
1386,2013-07-08,38.96,39.56,38.78,3.3903813928051783,116615
1387,2013-07-09,39.72,40.54,39.53,3.4445106446416522,261943
1388,2013-07-10,40.02,40.13,39.54,3.417016421486618,178568
1389,2013-07-11,40.07,40.84,39.88,3.489188757268583,240869
1390,2013-07-12,40.51,40.99,39.9,3.4376370888528935,176679
1391,2013-07-15,40.01,40.42,39.26,3.4092836712242645,178562
1392,2013-07-16,40.24,40.4,39.4,3.3972549485939365,352969
1393,2013-07-17,39.25,39.56,37.8,3.2915740283417736,285419
1394,2013-07-18,38.29,38.63,38.02,3.3010251675513165,180122
1395,2013-07-19,38.4,38.4,37.06,3.1901890804575843,224714
1396,2013-07-22,37.04,37.33,36.2,3.1953442472991527,223937
1397,2013-07-23,36.86,37.31,36.5,3.164413246249739,201809
1398,2013-07-24,36.68,36.72,35.12,3.0630282983655497,364825
1399,2013-07-25,35.65,35.85,34.87,3.0690426596807137,330596
1400,2013-07-26,35.52,36.0,35.33,3.081930576784636,232482
1401,2013-07-29,35.87,36.08,35.2,3.0638874928391444,159656
1402,2013-07-30,35.83,36.05,35.39,3.0793529933638517,383377
1403,2013-07-31,35.99,36.05,35.25,3.0621691038919554,659209
1404,2013-08-01,32.55,33.0,30.77,2.7116177586652666,2117397
1405,2013-08-02,31.44,31.69,31.05,2.681545952089448,369671
1406,2013-08-05,31.14,32.01,31.1,2.7313792315579475,405273
1407,2013-08-06,31.8,31.85,31.13,2.6789683686686634,263166
1408,2013-08-07,31.0,31.22,30.88,2.681545952089448,322431
1409,2013-08-08,31.43,31.56,31.2,2.7090401752444824,342879
1410,2013-08-09,31.56,31.85,31.39,2.729660842610758,294286
1411,2013-08-12,31.67,31.97,31.66,2.739971176293896,163861
1412,2013-08-13,31.9,32.57,31.72,2.787226872341611,306297
1413,2013-08-14,32.35,32.89,32.27,2.809565928655077,311483
1414,2013-08-15,32.22,32.59,32.12,2.783790094447232,478031
1415,2013-08-16,32.21,32.47,32.07,2.787226872341611,253220
1416,2013-08-19,32.23,32.63,32.23,2.800114789445534,636909
1417,2013-08-20,32.75,32.89,32.51,2.812143512075861,281949
1418,2013-08-21,32.72,33.37,32.39,2.825031429179784,323754
1419,2013-08-22,32.87,33.61,32.87,2.8654135694387404,141676
1420,2013-08-23,33.34,33.5,32.66,2.8490888744404383,164816
1421,2013-08-26,33.14,33.41,32.94,2.8490888744404383,192613
1422,2013-08-27,32.75,33.11,32.52,2.8044107618135077,191177
1423,2013-08-28,32.61,33.06,32.36,2.8207354568118093,242849
1424,2013-08-29,32.74,33.08,32.54,2.7975372060247494,286855
1425,2013-08-30,32.41,32.6,31.06,2.684123535510232,383083
1426,2013-09-03,31.5,31.97,30.66,2.660066090249577,378160
1427,2013-09-04,30.95,31.22,30.69,2.6446005897248703,251830
1428,2013-09-05,30.69,31.7,30.68,2.7030258139293184,227747
1429,2013-09-06,31.55,31.92,31.19,2.6987298415613443,169917
1430,2013-09-09,31.58,32.06,31.46,2.7477039265562495,235847
1431,2013-09-10,32.03,32.03,31.46,2.7227872868219993,205679
1432,2013-09-11,31.54,32.23,31.5,2.7477039265562495,126223
1433,2013-09-12,31.92,32.12,31.17,2.7030258139293184,235226
1434,2013-09-13,31.55,31.71,31.01,2.72106889787481,200282
1435,2013-09-16,31.89,32.14,31.54,2.7365343983995167,102627
1436,2013-09-17,31.91,32.35,31.79,2.7605918436601717,482180
1437,2013-09-18,32.52,32.52,31.4,2.739971176293896,244167
1438,2013-09-19,31.83,31.98,31.32,2.709899369718077,96639
1439,2013-09-20,31.53,31.81,30.85,2.6540517289344137,325383
1440,2013-09-23,30.81,30.81,30.12,2.612810394201862,297730
1441,2013-09-24,30.38,31.1,30.18,2.6377270339361116,273674
1442,2013-09-25,30.65,30.86,29.59,2.551807586576629,708515
1443,2013-09-26,29.76,29.89,29.2,2.5200173910536208,334397
1444,2013-09-27,29.21,29.45,28.36,2.465888139217147,439693
1445,2013-09-30,28.5,28.83,28.45,2.4633105557963626,584014
1446,2013-10-01,28.63,29.17,28.47,2.49853752921375,393264
1447,2013-10-02,29.03,29.36,28.9,2.514862224212052,269440
1448,2013-10-03,29.14,29.49,28.69,2.465888139217147,572824
1449,2013-10-04,28.71,29.0,28.12,2.4272243879053796,411182
1450,2013-10-07,28.0,28.26,27.75,2.3971525813295607,522828
1451,2013-10-08,27.82,28.92,27.82,2.474480083953095,985453
1452,2013-10-09,28.71,29.29,28.14,2.489086390004207,508858
1453,2013-10-10,29.17,29.81,28.94,2.5268909468423795,327491
1454,2013-10-11,29.32,29.56,28.86,2.4908047789513965,269734
1455,2013-10-14,28.84,29.02,28.58,2.4779168618474743,209678
1456,2013-10-15,28.7,28.81,28.39,2.4469858607980606,175324
1457,2013-10-16,28.61,28.97,28.09,2.419491637643026,232680
1458,2013-10-17,28.03,28.31,27.9,2.4040261371183194,374311
1459,2013-10-18,28.15,28.17,27.51,2.398011775803156,500135
1460,2013-10-21,27.83,28.64,27.83,2.4530002221132245,445417
1461,2013-10-22,28.6,30.0,28.6,2.5311869192103535,726336
1462,2013-10-23,29.4,29.48,29.01,2.506270279476104,306226
1463,2013-10-24,29.35,29.69,28.8,2.5079886684232933,504301
1464,2013-10-25,27.5,28.24,25.7,2.255385493186415,2535039
1465,2013-10-28,26.17,26.17,25.5,2.1995378524027513,694434
1466,2013-10-29,25.6,26.28,25.52,2.2373424092409233,790341
1467,2013-10-30,26.14,27.49,26.04,2.3541928576498194,546889
1468,2013-10-31,27.51,27.51,26.96,2.3249802455475956,364072
1469,2013-11-01,26.84,26.99,26.4,2.2957676334453714,295970
1470,2013-11-04,26.69,27.05,26.66,2.3060779671285094,312744
1471,2013-11-05,26.7,27.99,26.66,2.3894198310672072,375129
1472,2013-11-06,27.95,28.0,27.17,2.337868162651518,240978
1473,2013-11-07,27.18,27.88,27.07,2.337868162651518,305591
1474,2013-11-08,27.06,28.0,27.06,2.3799686918576644,446700
1475,2013-11-11,27.71,27.79,27.26,2.3430233294930867,338857
1476,2013-11-12,27.18,27.22,26.65,2.3060779671285094,277199
1477,2013-11-13,26.54,27.16,26.54,2.3232618566004057,196946
1478,2013-11-14,27.04,27.33,26.78,2.330994606862759,184177
1479,2013-11-15,27.09,27.66,26.99,2.3541928576498194,171995
1480,2013-11-18,27.5,28.19,27.29,2.3894198310672072,306881
1481,2013-11-19,27.87,27.9,27.39,2.371376747121716,334754
1482,2013-11-20,27.62,28.34,27.43,2.419491637643026,186393
1483,2013-11-21,28.15,29.39,27.93,2.499396723687345,565462
1484,2013-11-22,29.1,29.92,29.03,2.5552443644710086,468427
1485,2013-11-25,29.75,29.95,29.5,2.543215641840681,201956
1486,2013-11-26,29.55,29.67,29.14,2.534623697104733,328159
1487,2013-11-27,29.5,30.21,29.48,2.568132281574931,282765
1488,2013-11-29,30.03,30.03,29.6,2.5466524197350604,146675
1489,2013-12-02,29.56,29.79,28.62,2.4822128342154484,532241
1490,2013-12-03,28.7,29.4,28.44,2.5079886684232933,403445
1491,2013-12-04,29.01,29.64,28.54,2.5251725578951896,259095
1492,2013-12-05,29.48,29.73,29.38,2.538060474999112,267975
1493,2013-12-06,29.69,30.38,29.5,2.587893754467612,512867
1494,2013-12-09,29.98,30.28,29.85,2.5982040881507498,473550
1495,2013-12-10,30.14,30.28,29.2,2.517439807632836,353387
1496,2013-12-11,29.24,29.5,28.9,2.508847862896888,499795
1497,2013-12-12,29.3,29.39,29.0,2.513143835264862,383134
1498,2013-12-13,29.2,29.69,29.2,2.519158196580026,213507
1499,2013-12-16,29.39,29.94,29.13,2.5423564473670863,222802
1500,2013-12-17,29.56,29.81,29.25,2.54837080868225,422401
1501,2013-12-18,29.7,30.16,29.43,2.5801610042052587,352276
1502,2013-12-19,29.92,30.18,29.31,2.532905308157543,369647
1503,2013-12-20,29.6,30.39,29.35,2.597344893677155,560016
1504,2013-12-23,30.43,31.75,30.43,2.714195342086051,337000
1505,2013-12-24,31.71,31.71,31.28,2.7064625918236977,125798
1506,2013-12-26,31.59,32.0,31.3,2.7073217862972925,482129
1507,2013-12-27,31.65,31.65,30.85,2.6643620626175513,255510
1508,2013-12-30,30.92,31.48,30.72,2.666080451564741,514261
1509,2013-12-31,31.14,31.33,30.74,2.6686580349855253,367186
1510,2014-01-02,30.84,31.14,30.6,2.6635028681439565,263860
1511,2014-01-03,30.97,31.34,30.55,2.6918562857725856,386473
1512,2014-01-06,31.22,31.35,30.7,2.684982729983827,280533
1513,2014-01-07,31.29,31.64,31.21,2.6944338691933702,246927
1514,2014-01-08,31.47,31.69,31.06,2.684123535510232,922669
1515,2014-01-09,31.15,31.24,30.78,2.666080451564741,281322
1516,2014-01-10,30.9,31.02,30.43,2.6282758947265688,198535
1517,2014-01-13,30.44,30.64,29.59,2.5595403368389826,777124
1518,2014-01-14,29.87,30.27,29.29,2.524313363421595,871578
1519,2014-01-15,29.52,30.43,29.16,2.567273087101336,488935
1520,2014-01-16,29.91,30.61,29.53,2.6222615334114048,421277
1521,2014-01-17,28.5,29.2,27.82,2.4916639734249917,2439995
1522,2014-01-21,29.06,29.53,28.5,2.534623697104733,824373
1523,2014-01-22,29.62,29.87,29.36,2.5466524197350604,515974
1524,2014-01-23,29.59,29.86,28.79,2.4908047789513965,599496
1525,2014-01-24,28.73,29.29,28.73,2.5122846407912673,276659
1526,2014-01-27,29.13,30.32,28.81,2.5157214186856467,966454
1527,2014-01-28,29.28,29.54,28.58,2.484790417636233,397662
1528,2014-01-29,27.58,28.38,27.43,2.37739110843688,817051
1529,2014-01-30,27.87,28.2,27.7,2.3997301647503453,367800
1530,2014-01-31,27.61,28.83,27.43,2.4366755271149225,416840
1531,2014-02-03,28.36,28.36,27.21,2.356770441070604,361624
1532,2014-02-04,27.64,27.95,27.2,2.362784802385768,272656
1533,2014-02-05,27.47,27.71,26.98,2.3799686918576644,651615
1534,2014-02-06,27.72,28.04,27.48,2.406603720539104,404177
1535,2014-02-07,27.22,28.08,27.22,2.3988709702767506,535944
1536,2014-02-10,27.95,28.67,27.7,2.4624513613227674,1904226
1537,2014-02-11,28.78,29.5,28.63,2.493382362372181,314726
1538,2014-02-12,29.02,29.38,28.02,2.454718611060414,599954
1539,2014-02-13,28.28,28.94,28.03,2.480494445268259,675470
1540,2014-02-14,28.88,29.3,28.69,2.493382362372181,330776
1541,2014-02-18,28.94,29.43,28.8,2.4822128342154484,390856
1542,2014-02-19,28.81,30.14,28.54,2.4908047789513965,1132149
1543,2014-02-20,28.05,28.23,25.21,2.2021154358235355,2796791
1544,2014-02-21,25.56,26.18,25.11,2.2330464368729492,912916
1545,2014-02-24,25.99,26.74,25.99,2.2674142158167423,634746
1546,2014-02-25,26.48,27.22,26.41,2.2949084389717767,565878
1547,2014-02-26,26.8,27.04,26.42,2.2845981052886386,359808
1548,2014-02-27,26.48,27.0,26.44,2.3146699118644576,616333
1549,2014-02-28,27.03,28.12,26.86,2.3799686918576644,859362
1550,2014-03-03,27.41,27.67,27.1,2.3490376908082506,417700
1551,2014-03-04,27.6,28.15,27.6,2.3971525813295607,629366
1552,2014-03-05,27.12,27.87,27.12,2.376531913963285,438401
1553,2014-03-06,30.0,34.17,29.7,2.8886118202258,3693053
1554,2014-03-07,33.44,33.59,32.67,2.8370601518101113,1004922
1555,2014-03-10,32.83,33.3,32.75,2.837919346283706,436327
1556,2014-03-11,33.16,33.9,32.75,2.8654135694387404,341204
1557,2014-03-12,33.17,33.68,32.99,2.856821624702792,323257
1558,2014-03-13,33.2,33.58,32.95,2.8482296799668436,330604
1559,2014-03-14,33.07,33.62,33.03,2.8482296799668436,340698
1560,2014-03-17,33.3,35.2,33.3,2.954769794692602,984514
1561,2014-03-18,34.31,35.22,34.07,3.022646158106593,601981
1562,2014-03-19,35.18,35.35,33.96,2.932430738379137,319548
1563,2014-03-20,34.35,34.99,34.25,2.955628989166197,446899
1564,2014-03-21,34.37,34.72,34.17,2.9564881836397916,355948
1565,2014-03-24,34.5,34.63,33.3,2.896344570488154,279780
1566,2014-03-25,33.67,33.98,33.27,2.8877526257522055,202835
1567,2014-03-26,33.74,33.75,32.78,2.8181578733910246,234390
1568,2014-03-27,32.92,32.92,31.63,2.748563121029844,413029
1569,2014-03-28,31.95,32.93,31.85,2.7915228447095854,274871
1570,2014-03-31,32.73,33.05,32.41,2.8104251231286717,269397
1571,2014-04-01,32.78,33.44,32.44,2.836200957336516,469270
1572,2014-04-02,33.09,33.43,32.51,2.8293274015477574,564053
1573,2014-04-03,32.96,33.01,31.51,2.725364870242784,356321
1574,2014-04-04,32.16,33.12,31.99,2.8344825683893267,575491
1575,2014-04-07,32.89,32.89,31.6,2.72106889787481,314828
1576,2014-04-08,31.63,32.08,31.33,2.7270832591899734,232374
1577,2014-04-09,32.2,33.15,32.2,2.8344825683893267,397474
1578,2014-04-10,33.05,33.16,31.15,2.7004482305085338,529747
1579,2014-04-11,31.12,31.48,30.11,2.602500060518724,691854
1580,2014-04-14,30.47,32.21,30.47,2.666939646038336,463152
1581,2014-04-15,31.25,31.46,30.12,2.6110920052546724,326644
1582,2014-04-16,30.65,30.65,29.63,2.5793018097316636,390849
1583,2014-04-17,30.06,30.48,29.73,2.5569627534181985,235970
1584,2014-04-21,29.68,30.14,29.54,2.551807586576629,185808
1585,2014-04-22,30.07,31.09,30.05,2.6179655610434307,1341750
1586,2014-04-23,30.5,31.99,30.25,2.6093736163074825,357036
1587,2014-04-24,30.46,30.46,29.84,2.568132281574931,188215
1588,2014-04-25,29.86,29.86,28.76,2.4968191402665605,243917
1589,2014-04-28,29.25,29.68,28.61,2.4684657226379314,247674
1590,2014-04-29,28.98,29.27,28.63,2.4633105557963626,158804
1591,2014-04-30,28.64,28.78,28.09,2.4530002221132245,370340
1592,2014-05-01,28.7,29.6,28.06,2.5354828915783276,642399
1593,2014-05-02,31.43,32.0,29.64,2.5853161710468275,884897
1594,2014-05-05,29.81,30.34,29.44,2.567273087101336,331919
1595,2014-05-06,29.83,30.09,29.37,2.5372012805255175,294638
1596,2014-05-07,29.59,30.14,29.39,2.5698506705221207,334409
1597,2014-05-08,29.72,30.43,29.4,2.5320461136839483,215232
1598,2014-05-09,29.32,30.1,29.13,2.567273087101336,197479
1599,2014-05-12,30.0,30.58,29.99,2.61968394999062,548491
1600,2014-05-13,30.49,30.64,29.76,2.567273087101336,377783
1601,2014-05-14,29.78,29.98,29.19,2.5165806131592414,331986
1602,2014-05-15,29.08,29.08,28.34,2.4908047789513965,443200
1603,2014-05-16,28.99,29.15,28.25,2.4908047789513965,1202079
1604,2014-05-19,28.87,29.38,28.87,2.509707057370483,326265
1605,2014-05-20,29.22,29.32,28.42,2.506270279476104,389434
1606,2014-05-21,29.23,29.9,29.0,2.5561035589446033,230147
1607,2014-05-22,29.83,31.17,29.79,2.6643620626175513,488016
1608,2014-05-23,31.13,31.54,30.58,2.686701118931017,252655
1609,2014-05-27,31.51,32.13,31.09,2.690137896825396,347565
1610,2014-05-28,31.34,31.5,30.97,2.6635028681439565,260439
1611,2014-05-29,31.24,31.81,31.18,2.690997091298991,237046
1612,2014-05-30,31.4,31.87,31.12,2.714195342086051,282079
1613,2014-06-02,31.6,31.75,30.91,2.715054536559646,199504
1614,2014-06-03,31.36,31.94,30.94,2.733956814978732,296337
1615,2014-06-04,31.7,32.44,31.45,2.7751981497112834,226419
1616,2014-06-05,32.46,34.08,32.18,2.925557182590378,425933
1617,2014-06-06,34.27,34.7,32.23,2.9453186554830593,329618
1618,2014-06-09,34.22,35.35,34.15,3.020927769159403,373994
1619,2014-06-10,35.04,35.35,34.56,3.0071806575818862,356124
1620,2014-06-11,35.28,36.06,35.0,3.057013937050386,555018
1621,2014-06-12,35.52,35.63,34.8,3.0046030741611016,298069
1622,2014-06-13,35.0,35.28,34.79,3.008039852055481,236485
1623,2014-06-16,34.9,35.1,34.62,2.999447907319533,277712
1624,2014-06-17,34.94,35.28,34.64,3.0063214631082915,378533
1625,2014-06-18,34.99,35.84,34.73,3.0750570209958776,157079
1626,2014-06-19,35.95,36.02,35.43,3.0544363536296015,176832
1627,2014-06-20,35.51,36.0,35.45,3.0501403812616275,267355
1628,2014-06-23,35.59,35.86,35.09,3.0784937988902565,162000
1629,2014-06-24,35.73,36.6,35.72,3.081930576784636,201454
1630,2014-06-25,35.72,36.19,34.64,3.0217869636329984,559756
1631,2014-06-26,35.14,35.37,34.78,2.9977295183723434,425047
1632,2014-06-27,34.72,35.89,34.72,3.0278013249481623,1001094
1633,2014-06-30,35.24,35.93,34.84,2.999447907319533,408042
1634,2014-07-01,35.05,35.49,34.72,3.0372524641577052,751298
1635,2014-07-02,35.36,35.56,34.54,2.9736720731116884,168305
1636,2014-07-03,34.75,35.22,34.61,2.998588712845938,138648
1637,2014-07-07,34.74,35.35,34.56,2.9865599902156106,175745
1638,2014-07-08,34.68,34.91,33.71,2.9298531549583524,375147
1639,2014-07-09,34.12,35.03,34.05,2.9891375736363948,209327
1640,2014-07-10,34.2,34.64,33.69,2.9410226831150847,205855
1641,2014-07-11,34.21,34.54,33.7,2.902358931803318,273423
1642,2014-07-14,34.1,34.64,33.97,2.932430738379137,225857
1643,2014-07-15,34.23,34.48,33.15,2.877442292069068,170072
1644,2014-07-16,33.75,34.31,32.61,2.806129150760697,645339
1645,2014-07-17,32.26,32.63,31.82,2.7666062049753357,690175
1646,2014-07-18,32.15,33.14,32.15,2.8052699562871024,225096
1647,2014-07-21,32.48,32.63,31.44,2.7030258139293184,252356
1648,2014-07-22,31.61,31.91,31.27,2.716772925506836,295262
1649,2014-07-23,31.54,31.94,30.84,2.6531925344608185,275457
1650,2014-07-24,30.93,31.21,30.14,2.632571867094543,671016
1651,2014-07-25,32.31,36.16,31.52,3.0054622686346963,941251
1652,2014-07-28,35.18,35.61,34.5,2.964220933902145,379254
1653,2014-07-29,34.67,35.38,34.36,3.0028846852139126,343275
1654,2014-07-30,34.8,35.16,33.97,2.94188187758868,288382
1655,2014-07-31,33.78,34.6,33.78,2.9444594610094645,273036
1656,2014-08-01,34.55,35.35,34.53,3.008039852055481,393491
1657,2014-08-04,35.07,35.48,34.64,2.9977295183723434,273667
1658,2014-08-05,34.61,35.34,34.51,2.9822640178476365,198306
1659,2014-08-06,34.33,35.3,34.26,3.0037438796875073,277327
1660,2014-08-07,35.16,35.79,34.96,3.009758241002671,313819
1661,2014-08-08,35.08,35.38,34.81,3.01319501889705,238244
1662,2014-08-11,35.28,35.94,34.9,3.0802121878374464,199894
1663,2014-08-12,35.75,36.14,35.42,3.0750570209958776,144463
1664,2014-08-13,35.86,36.38,35.5,3.068183465207119,189666
1665,2014-08-14,35.6,35.78,34.97,3.0166317967914296,230842
1666,2014-08-15,35.29,35.74,34.68,3.0544363536296015,232434
1667,2014-08-18,35.74,36.39,35.56,3.1068472165188856,218428
1668,2014-08-19,36.15,36.7,36.13,3.1240311059907824,218733
1669,2014-08-20,36.27,36.75,35.6,3.104269633098102,179617
1670,2014-08-21,36.03,37.1,36.03,3.170427607564903,210710
1671,2014-08-22,37.04,37.04,35.72,3.0707610486279036,278336
1672,2014-08-25,36.07,36.5,35.38,3.0716202431014983,216688
1673,2014-08-26,35.81,36.27,35.62,3.1051288275716966,292676
1674,2014-08-27,36.43,38.1,36.43,3.234867193084515,395105
1675,2014-08-28,37.43,37.47,36.78,3.1953442472991527,242367
1676,2014-08-29,37.23,37.77,36.91,3.202217803087912,178435
1677,2014-09-02,37.34,37.59,36.9,3.199640219667127,231753
1678,2014-09-03,37.38,37.63,36.34,3.140355800989084,224051
1679,2014-09-04,36.49,37.13,36.49,3.149806940198627,167780
1680,2014-09-05,36.57,37.26,36.41,3.1815971357216357,141382
1681,2014-09-08,36.93,37.03,36.19,3.1601172738817653,346738
1682,2014-09-09,36.66,36.85,36.04,3.1601172738817653,257448
1683,2014-09-10,36.83,37.16,36.43,3.1738643854592823,140412
1684,2014-09-11,36.78,37.4,36.6,3.206513775455886,181629
1685,2014-09-12,37.2,37.56,36.47,3.164413246249739,206481
1686,2014-09-15,36.78,36.81,35.98,3.120594328096403,221127
1687,2014-09-16,36.19,37.15,35.91,3.154962107040196,196690
1688,2014-09-17,36.64,37.55,36.58,3.2030769975615065,156449
1689,2014-09-18,37.5,38.15,37.27,3.245177526767653,173980
1690,2014-09-19,37.82,38.2,36.96,3.194485052825558,611642
1691,2014-09-22,36.95,37.29,36.06,3.13434143967392,250465
1692,2014-09-23,36.36,36.87,35.9,3.0879449380998,203005
1693,2014-09-24,35.94,36.36,35.55,3.0939592994149634,285961
1694,2014-09-25,35.86,36.42,35.45,3.0630282983655497,194102
1695,2014-09-26,35.71,36.48,35.71,3.1223127170435934,168841
1696,2014-09-29,35.98,36.83,35.52,3.156680495987386,260818
1697,2014-09-30,36.74,37.04,35.92,3.0922409104677744,324864
1698,2014-10-01,36.08,36.15,34.82,2.998588712845938,321049
1699,2014-10-02,35.04,35.93,34.87,3.0484219923144376,226455
1700,2014-10-03,35.87,36.07,35.51,3.052717964682412,277079
1701,2014-10-06,35.53,35.99,34.83,2.994292740477964,343687
1702,2014-10-07,34.57,34.74,33.75,2.900640542856128,403003
1703,2014-10-08,33.77,34.66,33.54,2.951333016798223,365470
1704,2014-10-09,34.33,34.84,33.03,2.8404969297044906,1235510
1705,2014-10-10,32.94,34.77,32.9,2.9161060433808346,419509
1706,2014-10-13,33.9,34.47,33.43,2.877442292069068,379675
1707,2014-10-14,33.83,35.45,33.83,3.0071806575818862,484491
1708,2014-10-15,34.47,36.17,34.47,3.0630282983655497,477262
1709,2014-10-16,35.16,36.19,35.08,3.1051288275716966,387247
1710,2014-10-17,36.58,36.76,35.11,3.0329564917897307,439585
1711,2014-10-20,35.26,35.8,34.69,3.052717964682412,236926
1712,2014-10-21,35.5,36.0,34.93,3.0338156862633263,387014
1713,2014-10-22,35.49,35.75,34.91,3.026942130474567,355851
1714,2014-10-23,35.36,35.38,33.09,2.852525652334818,867249
1715,2014-10-24,38.0,42.38,37.39,3.621504706202186,2378098
1716,2014-10-27,41.63,42.45,41.43,3.6447029569892466,928031
1717,2014-10-28,42.78,44.25,42.75,3.7821740727644184,666739
1718,2014-10-29,43.9,44.14,42.86,3.7572574330301682,407106
1719,2014-10-30,43.44,44.27,43.29,3.7753005169756593,361541
1720,2014-10-31,43.44,44.29,43.44,3.7821740727644184,418682
1721,2014-11-03,44.2,44.38,43.41,3.7718637390812804,331771
1722,2014-11-04,43.94,44.56,43.74,3.792484406447556,397304
1723,2014-11-05,44.02,45.14,43.82,3.857783186440763,323422
1724,2014-11-06,45.1,46.6,44.64,3.9806479961648225,482551
1725,2014-11-07,46.18,47.69,45.92,4.0450875816844345,563247
1726,2014-11-10,47.08,48.06,46.37,4.083751332996202,449762
1727,2014-11-11,47.54,47.97,46.27,4.021889330897374,290060
1728,2014-11-12,46.61,47.64,45.76,4.068285832471495,367344
1729,2014-11-13,47.14,47.56,46.09,4.000409469057504,344235
1730,2014-11-14,46.49,47.05,45.92,3.954872161956978,491118
1731,2014-11-17,46.09,46.57,45.71,3.9617457177457367,174283
1732,2014-11-18,46.12,46.76,46.02,3.9952543022159346,167629
1733,2014-11-19,46.6,46.63,45.57,3.943702633800245,170554
1734,2014-11-20,45.6,46.7,45.6,4.004705441425478,226932
1735,2014-11-21,47.09,47.89,46.7,4.0330588590541065,278754
1736,2014-11-24,46.91,48.0,46.5,4.1232742787815635,307593
1737,2014-11-25,48.15,49.17,47.55,4.2014609758786925,451367
1738,2014-11-26,49.0,49.64,48.58,4.232391976928106,485873
1739,2014-11-28,49.34,49.99,48.66,4.223800032192158,201796
1740,2014-12-01,49.2,49.81,47.39,4.174825947197253,489100
1741,2014-12-02,48.75,49.43,48.24,4.196305809037124,420294
1742,2014-12-03,48.7,49.01,48.01,4.179121919565227,254488
1743,2014-12-04,48.74,48.94,47.77,4.144754140621434,208335
1744,2014-12-05,48.21,49.42,48.14,4.185136280880391,188455
1745,2014-12-08,48.41,49.23,48.12,4.179121919565227,193410
1746,2014-12-09,47.86,48.5,46.69,4.14045816825346,476525
1747,2014-12-10,49.09,49.09,47.32,4.0992168335209085,357978
1748,2014-12-11,48.07,48.88,47.97,4.149050112989408,255033
1749,2014-12-12,47.96,49.02,47.96,4.143894946147839,292941
1750,2014-12-15,48.26,49.08,46.78,4.04422838721084,241826
1751,2014-12-16,47.13,47.62,46.7,4.024466914318159,230612
1752,2014-12-17,47.09,47.51,46.28,4.064849054577116,379053
1753,2014-12-18,47.82,48.63,47.12,4.156782863251762,228050
1754,2014-12-19,48.27,48.55,47.37,4.094920861152934,962446
1755,2014-12-22,47.97,48.09,47.3,4.118978306413589,210090
1756,2014-12-23,48.05,48.99,48.05,4.204038559299477,202425
1757,2014-12-24,49.23,50.04,48.88,4.222940837718563,99581
1758,2014-12-26,49.3,49.63,49.15,4.241843116137649,79041
1759,2014-12-29,49.24,50.17,49.24,4.303705118236477,159003
1760,2014-12-30,50.0,50.62,49.72,4.3217482021819675,150591
1761,2014-12-31,50.3,50.63,50.02,4.314015451919615,229491
1762,2015-01-02,50.61,51.3,49.25,4.303705118236477,238208
1763,2015-01-05,49.8,51.04,49.28,4.253871838767977,275659
1764,2015-01-06,49.81,50.33,47.62,4.170529974829279,273513
1765,2015-01-07,48.92,49.65,48.92,4.253871838767977,553500
1766,2015-01-08,48.97,49.85,48.06,4.262463783503925,631529
1767,2015-01-09,49.46,49.46,48.69,4.191150642195555,195891
1768,2015-01-12,48.86,49.29,48.57,4.185995475353986,175666
1769,2015-01-13,49.05,49.72,48.77,4.236687949296081,173950
1770,2015-01-14,48.83,49.15,47.36,4.155923668778167,282215
1771,2015-01-15,48.45,48.45,46.61,4.041650803790056,414241
1772,2015-01-16,44.85,45.23,42.42,3.8010763511835046,1131968
1773,2015-01-20,45.82,45.99,44.76,3.900742910120504,504830
1774,2015-01-21,45.08,45.73,45.02,3.910194049330047,264612
1775,2015-01-22,45.69,46.66,45.5,3.9995502745839087,341368
1776,2015-01-23,46.37,46.79,46.04,3.997831885636719,378581
1777,2015-01-26,46.35,47.24,46.35,4.052820331946788,244981
1778,2015-01-27,46.73,47.16,46.14,3.9729152459024695,268143
1779,2015-01-28,46.62,46.93,45.54,3.9187859940659955,410293
1780,2015-01-29,45.51,46.96,45.09,4.020170941950185,286416
1781,2015-01-30,46.62,46.62,44.09,3.8053723235514783,545112
1782,2015-02-02,44.32,44.46,42.92,3.7916252119739613,267502
1783,2015-02-03,44.17,44.6,43.52,3.8156826572346163,237673
1784,2015-02-04,44.18,45.88,44.1,3.8904325764373664,226565
1785,2015-02-05,45.46,45.76,44.4,3.8466136582840305,230666
1786,2015-02-06,44.96,45.08,43.42,3.7821740727644184,324460
1787,2015-02-09,43.68,44.55,43.57,3.764130988818927,235347
1788,2015-02-10,44.25,45.34,43.86,3.8595015753879527,243429
1789,2015-02-11,44.97,46.01,44.97,3.911053243803642,224443
1790,2015-02-12,45.44,45.69,44.04,3.895587743278935,286416
1791,2015-02-13,45.22,46.14,45.22,3.9196451885395898,364142
1792,2015-02-17,45.78,45.98,45.14,3.9179267995924008,395102
1793,2015-02-18,45.63,47.6,45.63,4.027903692212538,931488
1794,2015-02-19,53.32,55.44,51.51,4.60528237846826,2326478
1795,2015-02-20,53.47,54.53,52.59,4.559745071367734,577975
1796,2015-02-23,53.12,54.17,53.08,4.590676072417148,485814
1797,2015-02-24,53.56,54.02,52.72,4.55888587689414,379879
1798,2015-02-25,52.87,52.96,52.18,4.508193402952045,384441
1799,2015-02-26,52.44,52.55,51.98,4.495305485848123,298751
1800,2015-02-27,52.42,52.65,52.05,4.486713541112175,427670
1801,2015-03-02,52.21,53.72,51.86,4.552012321105381,353644
1802,2015-03-03,53.03,53.03,51.99,4.498742263742502,360023
1803,2015-03-04,52.03,52.5,51.8,4.500460652689692,360035
1804,2015-03-05,52.61,52.99,51.97,4.511630180846424,267735
1805,2015-03-06,52.34,52.47,51.49,4.43602106717008,309658
1806,2015-03-09,51.74,52.28,51.4,4.430865900328511,256747
1807,2015-03-10,51.41,51.75,50.55,4.417118788750994,321720
1808,2015-03-11,51.54,51.72,50.6,4.391342954543149,213834
1809,2015-03-12,51.31,52.39,51.31,4.4841359576913895,231327
1810,2015-03-13,52.35,53.11,51.74,4.502179041636881,220190
1811,2015-03-16,52.79,52.87,52.02,4.4927279024273385,221074
1812,2015-03-17,53.79,54.55,53.0,4.572632988471657,573175
1813,2015-03-18,53.22,53.66,51.86,4.53053245926551,351191
1814,2015-03-19,52.7,53.21,52.6,4.55373071005257,213115
1815,2015-03-20,53.38,53.39,52.79,4.543420376369433,361060
1816,2015-03-23,52.83,53.28,52.22,4.495305485848123,388132
1817,2015-03-24,52.32,52.5,52.08,4.481558374270605,261222
1818,2015-03-25,52.3,52.47,51.14,4.41110442743583,311884
1819,2015-03-26,51.24,51.24,50.02,4.373299870597657,212371
1820,2015-03-27,50.91,51.86,50.58,4.375877454018442,190835
1821,2015-03-30,51.14,51.83,50.48,4.402512482699882,359908
1822,2015-03-31,51.0,51.3,49.99,4.334636119285891,222974
1823,2015-04-01,50.27,51.0,49.85,4.356115981125761,199214
1824,2015-04-02,50.83,51.76,50.59,4.406808455067856,183060
1825,2015-04-06,50.82,51.42,50.64,4.36298953691452,118216
1826,2015-04-07,50.82,51.11,49.96,4.301986729289287,186121
1827,2015-04-08,50.19,51.21,50.19,4.375877454018442,151173
1828,2015-04-09,50.65,51.07,50.04,4.340650480601054,145909
1829,2015-04-10,50.8,51.43,50.7,4.375877454018442,103548
1830,2015-04-13,51.09,51.56,50.94,4.422273955592562,169767
1831,2015-04-14,51.24,51.42,49.9,4.350101619810598,244804
1832,2015-04-15,50.55,51.49,50.39,4.368144703756089,183606
1833,2015-04-16,51.22,52.55,50.69,4.481558374270605,273333
1834,2015-04-17,51.78,52.16,50.31,4.377595842965632,272180
1835,2015-04-20,51.11,52.06,50.66,4.458360123483545,326957
1836,2015-04-21,51.92,51.95,51.19,4.428288316907726,327914
1837,2015-04-22,51.75,52.0,50.27,4.342368869548244,480411
1838,2015-04-23,51.03,53.91,50.29,4.591535266890743,1218106
1839,2015-04-24,51.76,53.9,48.38,4.254731033241572,1618645
1840,2015-04-27,49.79,50.61,48.15,4.16365641904052,542331
1841,2015-04-28,48.66,49.33,47.7,4.170529974829279,265334
1842,2015-04-29,48.25,48.91,47.28,4.131007029043917,386944
1843,2015-04-30,47.88,48.24,46.73,4.0210301364237795,353319
1844,2015-05-01,47.15,48.05,46.92,4.112963945098426,339440
1845,2015-05-04,47.78,48.7,47.78,4.112963945098426,234998
1846,2015-05-05,47.53,48.19,47.16,4.0631306656299255,262925
1847,2015-05-06,47.25,47.82,47.0,4.086328916416987,241940
1848,2015-05-07,47.7,48.98,47.69,4.159360446672546,244067
1849,2015-05-08,48.58,49.69,48.35,4.156782863251762,313582
1850,2015-05-11,48.27,48.55,47.53,4.106090389309667,277891
1851,2015-05-12,47.53,47.58,46.24,4.016734164055805,216452
1852,2015-05-13,46.81,47.2,46.35,4.0210301364237795,139199
1853,2015-05-14,46.87,46.96,45.87,4.009860608267047,323872
1854,2015-05-15,46.9,46.9,45.7,3.9660416901137103,328656
1855,2015-05-18,46.14,47.34,46.13,4.0511019429995985,237550
1856,2015-05-19,47.33,47.79,46.99,4.0811737495754175,151904
1857,2015-05-20,47.34,47.36,45.41,3.9952543022159346,466214
1858,2015-05-21,46.32,47.24,46.14,3.9677600790609002,281849
1859,2015-05-22,46.34,46.71,45.57,3.9196451885395898,212918
1860,2015-05-26,47.26,47.91,45.1,3.9144900216980214,505123
1861,2015-05-27,45.58,46.89,45.58,3.9643233011665213,231242
1862,2015-05-28,46.25,47.42,46.18,3.9772112182704435,283788
1863,2015-05-29,46.11,46.59,45.45,3.9333923001171076,280338
1864,2015-06-01,45.75,46.23,44.92,3.9196451885395898,343459
1865,2015-06-02,45.27,46.2,45.23,3.9239411609075643,320274
1866,2015-06-03,46.03,47.66,46.03,4.025326108791754,353384
1867,2015-06-04,46.69,46.71,46.02,3.9634641066929266,176306
1868,2015-06-05,46.23,47.14,45.69,4.04594677615803,255445
1869,2015-06-08,46.87,47.36,46.51,4.041650803790056,190178
1870,2015-06-09,46.82,47.23,46.5,4.003846246951883,145050
1871,2015-06-10,46.72,47.61,46.72,4.032199664580512,331575
1872,2015-06-11,47.06,47.64,46.41,4.020170941950185,175963
1873,2015-06-12,46.99,48.22,46.91,4.106949583783262,462383
1874,2015-06-15,47.52,48.01,46.89,4.094920861152934,239826
1875,2015-06-16,47.44,47.63,45.93,4.0150157751086155,528428
1876,2015-06-17,46.97,47.13,46.4,4.036495636948486,265029
1877,2015-06-18,47.15,47.85,47.0,4.0811737495754175,174151
1878,2015-06-19,47.65,47.87,46.72,4.111245556151236,315399
1879,2015-06-22,48.04,48.87,48.04,4.1834178919332015,274711
1880,2015-06-23,48.86,48.99,48.34,4.176544336144443,241767
1881,2015-06-24,48.56,49.09,48.35,4.1774035306180375,298277
1882,2015-06-25,49.2,49.2,48.23,4.199742586931503,195312
1883,2015-06-26,49.13,49.13,48.4,4.205756948246667,655238
1884,2015-06-29,48.49,48.78,47.64,4.103512805888882,219270
1885,2015-06-30,48.22,48.81,47.84,4.162797224566925,261175
1886,2015-07-01,48.79,49.13,48.34,4.176544336144443,248686
1887,2015-07-02,48.67,48.98,48.2,4.169670780355684,160336
1888,2015-07-06,47.97,48.9,47.67,4.19029144772196,176975
1889,2015-07-07,48.69,49.8,48.39,4.2641821724511155,311718
1890,2015-07-08,49.27,50.39,49.13,4.271055728239873,457069
1891,2015-07-09,50.16,50.74,49.54,4.356115981125761,364015
1892,2015-07-10,50.8,50.8,49.11,4.253012644294382,492008
1893,2015-07-13,49.98,50.24,49.37,4.271055728239873,293991
1894,2015-07-14,49.78,50.01,49.31,4.250435060873597,295791
1895,2015-07-15,49.86,49.86,48.82,4.230673587980917,338852
1896,2015-07-16,49.09,49.42,48.52,4.210052920614641,371246
1897,2015-07-17,48.87,49.23,48.32,4.1653748079877095,265829
1898,2015-07-20,48.7,49.83,48.4,4.233251171401702,419795
1899,2015-07-21,49.46,49.82,48.94,4.262463783503925,295329
1900,2015-07-22,49.7,50.38,49.25,4.326044174549942,511820
1901,2015-07-23,50.35,50.68,49.46,4.278788478502227,835507
1902,2015-07-24,48.02,51.18,47.29,4.28652122876458,1143910
1903,2015-07-27,50.05,51.21,49.7,4.308001090604451,449778
1904,2015-07-28,50.42,50.42,49.32,4.320889007708373,326266
1905,2015-07-29,49.91,51.48,49.91,4.388765371122364,526860
1906,2015-07-30,50.75,52.05,50.47,4.427429122434131,423682
1907,2015-07-31,51.6,51.96,51.08,4.430006705854916,344178
1908,2015-08-03,51.73,52.09,51.11,4.417118788750994,239594
1909,2015-08-04,51.2,52.37,51.2,4.453204956641976,309979
1910,2015-08-05,51.0,51.91,50.64,4.418837177698183,645609
1911,2015-08-06,51.74,52.19,48.71,4.205756948246667,736133
1912,2015-08-07,48.92,49.41,48.27,4.203179364825883,572008
1913,2015-08-10,48.5,49.21,47.25,4.073440999313063,448101
1914,2015-08-11,47.29,47.74,46.18,3.984943968532797,566406
1915,2015-08-12,46.02,47.4,46.02,4.046805970631624,520841
1916,2015-08-13,47.22,47.4,46.08,3.978070412744038,426221
1917,2015-08-14,46.12,46.82,46.1,3.9677600790609002,302384
1918,2015-08-17,46.25,46.81,45.99,4.004705441425478,248049
1919,2015-08-18,46.99,47.59,46.05,3.9858031630063917,272379
1920,2015-08-19,46.25,47.2,46.17,4.014156580635021,212334
1921,2015-08-20,46.57,46.89,45.69,3.9299555222227283,254593
1922,2015-08-21,45.1,45.53,44.56,3.841458491442461,349115
1923,2015-08-24,42.78,44.77,41.35,3.7735821280284703,542501
1924,2015-08-25,44.18,44.89,43.02,3.7409327380318667,366350
1925,2015-08-26,44.56,44.56,42.89,3.7856108506587978,413940
1926,2015-08-27,44.25,44.7,43.87,3.813964268287427,338371
1927,2015-08-28,44.42,44.45,43.8,3.8027947401306936,259704
1928,2015-08-31,44.17,44.47,42.88,3.6936770419841514,222267
1929,2015-09-01,42.8,43.94,42.75,3.7125793204032376,258404
1930,2015-09-02,43.23,43.84,42.82,3.762412599871737,260682
1931,2015-09-03,43.96,44.85,43.94,3.8088091014458576,272573
1932,2015-09-04,43.76,44.85,43.76,3.8328665467065126,237940
1933,2015-09-08,45.22,45.93,44.55,3.9342514945907023,333035
1934,2015-09-09,46.08,46.08,45.31,3.9041796880148834,202471
1935,2015-09-10,45.4,45.81,44.91,3.8698119090710903,259868
1936,2015-09-11,44.94,45.11,44.08,3.8560647974935733,142667
1937,2015-09-14,45.03,45.03,44.16,3.804513129077884,139362
1938,2015-09-15,44.19,44.7,43.56,3.7942027953947455,170422
1939,2015-09-16,45.04,45.69,44.52,3.874107881439065,290975
1940,2015-09-17,44.8,46.45,44.72,3.9144900216980214,247076
1941,2015-09-18,45.05,45.74,44.01,3.79678037881553,389480
1942,2015-09-21,44.53,44.89,43.83,3.8466136582840305,224098
1943,2015-09-22,44.5,45.16,44.3,3.8603607698615474,327667
1944,2015-09-23,44.84,45.31,44.49,3.8637975477559263,128563
1945,2015-09-24,44.61,45.0,42.88,3.7727229335548746,489320
1946,2015-09-25,44.08,44.52,43.15,3.711720125929643,268804
1947,2015-09-28,43.24,43.33,41.96,3.620645511728591,258241
1948,2015-09-29,42.07,42.53,41.5,3.6249414840965652,350899
1949,2015-09-30,42.66,43.11,42.04,3.6971138198785307,234225
1950,2015-10-01,42.72,43.09,41.72,3.6197863172549964,240878
1951,2015-10-02,41.91,42.7,41.63,3.6610276519875478,222088
1952,2015-10-05,42.62,43.83,42.52,3.7615534053981423,228606
1953,2015-10-06,43.74,44.05,42.7,3.6790707359330392,207260
1954,2015-10-07,42.64,43.38,42.3,3.710001736982453,222315
1955,2015-10-08,43.21,43.52,42.52,3.67391556909147,174434
1956,2015-10-09,42.61,42.92,42.0,3.6412661790948673,198754
1957,2015-10-12,42.47,42.59,42.06,3.634392623306108,274532
1958,2015-10-13,42.38,42.9,41.79,3.6189271227814013,243455
1959,2015-10-14,42.25,42.41,41.67,3.597447260941531,194233
1960,2015-10-15,42.11,42.4,41.34,3.6326742343589187,311852
1961,2015-10-16,42.27,42.4,41.71,3.6051800112038843,230009
1962,2015-10-19,42.02,42.37,41.33,3.5742490101544706,521766
1963,2015-10-20,41.34,42.05,40.91,3.606039205677479,504829
1964,2015-10-21,41.75,42.05,40.33,3.5596427041033585,578838
1965,2015-10-22,41.7,42.37,40.87,3.607757594624669,1354945
1966,2015-10-23,46.0,47.95,46.0,4.026185303265349,2041524
1967,2015-10-26,46.64,47.3,45.2,3.8981653266997194,550893
1968,2015-10-27,45.38,45.62,43.78,3.7942027953947455,405318
1969,2015-10-28,44.23,44.73,43.83,3.8371625190744867,390838
1970,2015-10-29,44.01,44.12,42.6,3.689381069616177,218210
1971,2015-10-30,42.98,43.8,42.65,3.688521875142582,280746
1972,2015-11-02,42.94,44.68,42.94,3.8165418517082115,436493
1973,2015-11-03,44.72,45.32,44.2,3.8826998261750125,391039
1974,2015-11-04,45.2,45.46,43.86,3.8113866848666422,282262
1975,2015-11-05,44.5,44.82,43.71,3.7753005169756593,149972
1976,2015-11-06,43.78,44.53,43.54,3.8019355456570993,178852
1977,2015-11-09,44.25,44.49,43.09,3.714297709350427,179808
1978,2015-11-10,43.27,44.11,43.17,3.7615534053981423,165182
1979,2015-11-11,43.77,44.31,43.31,3.779596489343634,133985
1980,2015-11-12,43.67,44.02,43.22,3.747806293820625,199954
1981,2015-11-13,43.75,43.93,42.19,3.6489989293572203,240400
1982,2015-11-16,42.33,43.45,42.16,3.7220304596127805,232773
1983,2015-11-17,43.29,43.8,42.42,3.6610276519875478,224782
1984,2015-11-18,42.94,43.44,42.25,3.679929930406634,227069
1985,2015-11-19,42.98,43.97,42.86,3.745228710399841,289835
1986,2015-11-20,43.88,44.64,43.71,3.7710045446076856,276413
1987,2015-11-23,43.49,44.82,43.49,3.8371625190744867,200603
1988,2015-11-24,44.23,45.13,44.04,3.8698119090710903,132860
1989,2015-11-25,45.24,46.28,44.86,3.9634641066929266,194812
1990,2015-11-27,46.14,46.38,45.82,3.9497169951154087,77469
1991,2015-11-30,46.32,46.74,45.77,3.9351106890642966,296518
1992,2015-12-01,45.82,46.28,44.9,3.8672343256503057,631770
1993,2015-12-02,44.87,45.65,44.87,3.872389492491875,197352
1994,2015-12-03,45.04,45.53,43.97,3.79678037881553,264331
1995,2015-12-04,44.2,45.05,44.06,3.82169701854978,252788
1996,2015-12-07,44.55,45.38,43.99,3.8672343256503057,311161
1997,2015-12-08,44.56,45.09,44.16,3.8543464085463834,300450
1998,2015-12-09,45.09,45.86,44.56,3.886136604069392,347680
1999,2015-12-10,45.12,45.34,43.97,3.822556213023375,375294
2000,2015-12-11,43.93,44.56,43.83,3.7787372948700386,248665
2001,2015-12-14,44.07,44.59,43.36,3.738355154611082,406570
2002,2015-12-15,43.64,44.14,43.22,3.734059182243108,307159
2003,2015-12-16,43.86,44.7,43.06,3.7435103214526513,207586
2004,2015-12-17,43.68,44.1,43.02,3.714297709350427,410358
2005,2015-12-18,43.23,43.54,42.56,3.694536236457746,672337
2006,2015-12-21,43.03,44.69,43.02,3.836303324600892,320803
2007,2015-12-22,44.8,45.0,44.01,3.8534872140727887,255332
2008,2015-12-23,44.72,45.26,44.53,3.8543464085463834,137749
2009,2015-12-24,44.96,45.11,44.6,3.8457544638104353,78195
2010,2015-12-28,44.7,45.03,43.97,3.820837824076185,242776
2011,2015-12-29,44.62,45.29,44.25,3.847472852757625,261392
2012,2015-12-30,44.45,44.81,43.98,3.7813148782908232,179488
2013,2015-12-31,43.97,44.31,43.38,3.7349183767167027,266590
2014,2016-01-04,41.73,42.69,38.85,3.6068984001510738,598511
2015,2016-01-05,41.92,42.62,41.19,3.541599620157867,519012
2016,2016-01-06,40.75,41.06,40.11,3.503795063319695,446226
2017,2016-01-07,40.24,40.58,39.04,3.3955365596467475,577514
2018,2016-01-08,39.55,41.59,39.5,3.523556536212376,532432
2019,2016-01-11,41.17,41.6,40.8,3.5424588146314617,288754
2020,2016-01-12,41.15,41.72,39.36,3.562220287524143,650455
2021,2016-01-13,41.27,42.27,41.2,3.587136927258393,428405
2022,2016-01-14,42.04,42.7,40.62,3.643843762515651,347559
2023,2016-01-15,41.53,41.91,40.63,3.5768265935752552,248525
2024,2016-01-19,41.74,41.84,39.86,3.472004867796686,325178
2025,2016-01-20,39.89,41.16,38.49,3.5046542577932898,531538
2026,2016-01-21,40.71,41.71,40.17,3.555346731735385,297563
2027,2016-01-22,41.79,42.68,41.53,3.6524357072515996,324872
2028,2016-01-25,42.94,42.94,41.07,3.539881231210678,348424
2029,2016-01-26,41.26,42.62,41.25,3.6369702067268928,242119
2030,2016-01-27,42.09,42.58,41.34,3.5751082046280653,155972
2031,2016-01-28,41.84,42.31,41.65,3.587136927258393,204977
2032,2016-01-29,41.98,43.33,41.71,3.685085097248203,313029
2033,2016-02-01,42.63,43.24,41.91,3.6318150398853244,363352
2034,2016-02-02,41.98,41.99,41.07,3.5501915648938156,248112
2035,2016-02-03,41.65,41.88,40.04,3.4625537285871433,217623
2036,2016-02-04,40.38,41.26,39.93,3.539881231210678,147142
2037,2016-02-05,41.21,41.58,40.33,3.5261341196331606,350387
2038,2016-02-08,40.64,40.66,39.26,3.4522433949040057,277644
2039,2016-02-09,39.91,41.6,39.54,3.4994990909517205,310757
2040,2016-02-10,40.99,41.32,40.44,3.5029358688461003,231163
2041,2016-02-11,40.26,40.98,39.75,3.498639896478126,217624
2042,2016-02-12,41.07,42.27,40.84,3.600024844362315,207932
2043,2016-02-16,42.09,43.32,41.79,3.717734487244807,196309
2044,2016-02-17,43.19,44.13,43.19,3.783033267238013,355459
2045,2016-02-18,43.61,44.19,43.24,3.7409327380318667,365213
2046,2016-02-19,44.01,45.44,42.66,3.8749670759126595,634472
2047,2016-02-22,45.35,45.6,44.52,3.850909630652004,240838
2048,2016-02-23,44.81,45.99,44.56,3.8483320472312195,432972
2049,2016-02-24,44.45,44.48,42.98,3.703987375667289,593234
2050,2016-02-25,43.5,44.22,43.16,3.7417919325054614,483727
2051,2016-02-26,43.7,45.85,43.63,3.8895733819637717,369910
2052,2016-02-29,45.22,46.17,43.94,3.787329239605987,1635674
2053,2016-03-01,44.29,45.49,43.65,3.9084756603828574,679316
2054,2016-03-02,45.39,45.81,45.11,3.9342514945907023,299624
2055,2016-03-03,45.85,45.85,45.08,3.9256595498547537,282335
2056,2016-03-04,45.72,46.3,45.34,3.9772112182704435,402975
2057,2016-03-07,46.16,46.99,46.16,3.9772112182704435,342968
2058,2016-03-08,45.99,46.46,45.23,3.8904325764373664,394138
2059,2016-03-09,45.57,45.79,44.28,3.8182602406554005,289973
2060,2016-03-10,44.78,45.23,44.2,3.8483320472312195,304853
2061,2016-03-11,45.0,45.16,44.79,3.8732486869654696,250940
2062,2016-03-14,45.07,45.75,44.71,3.857783186440763,169368
2063,2016-03-15,44.73,44.73,43.49,3.74866548829422,280243
2064,2016-03-16,43.24,43.48,42.85,3.6971138198785307,334178
2065,2016-03-17,42.84,43.53,42.57,3.7031281811936947,566477
2066,2016-03-18,43.32,43.9,42.84,3.753820655135789,696937
2067,2016-03-21,43.64,44.29,42.93,3.7271856264543497,165016
2068,2016-03-22,43.03,43.15,42.61,3.6670420133027117,290769
2069,2016-03-23,42.67,42.67,41.87,3.60088403883591,174139
2070,2016-03-24,41.58,42.27,40.97,3.5656570654185225,194724
2071,2016-03-28,41.7,42.28,41.18,3.5940104830471515,239373
2072,2016-03-29,41.92,42.86,41.76,3.665323624355522,373675
2073,2016-03-30,42.78,43.46,42.41,3.658450068566763,360715
2074,2016-03-31,42.59,43.31,41.43,3.571671426733686,537186
2075,2016-04-01,41.32,42.93,41.32,3.6240822896229705,459434
2076,2016-04-04,42.3,42.5,41.57,3.649858123830815,279281
2077,2016-04-05,42.02,42.18,41.49,3.593151288573557,267864
2078,2016-04-06,41.72,42.08,41.72,3.6026024277830997,162680
2079,2016-04-07,41.81,42.07,41.28,3.562220287524143,276850
2080,2016-04-08,41.58,43.0,41.58,3.613771955939833,367885
2081,2016-04-11,42.41,42.61,41.85,3.598306455415126,189695
2082,2016-04-12,41.81,43.15,41.76,3.7014097922465043,334701
2083,2016-04-13,43.12,43.38,42.49,3.685085097248203,282309
2084,2016-04-14,42.96,43.58,42.31,3.7125793204032376,242313
2085,2016-04-15,42.94,43.51,42.59,3.7074241535616683,194640
2086,2016-04-18,43.17,43.53,43.04,3.7022689867201,231003
2087,2016-04-19,43.0,43.25,42.57,3.689381069616177,332826
2088,2016-04-20,42.96,43.03,42.23,3.6309558454117288,249265
2089,2016-04-21,42.39,42.39,40.75,3.5055134522668845,742453
2090,2016-04-22,42.72,45.56,42.06,3.8251337964441596,1148996
2091,2016-04-25,44.36,44.74,44.2,3.8002171567099094,423175
2092,2016-04-26,44.16,45.03,44.11,3.8612199643351417,263910
2093,2016-04-27,44.76,45.5,44.22,3.8234154074969697,200067
2094,2016-04-28,44.22,44.9,44.1,3.813105073813832,199510
2095,2016-04-29,44.44,44.67,44.08,3.8320073522329183,246900
2096,2016-05-02,44.84,45.09,44.4,3.8586423809143575,271374
2097,2016-05-03,44.75,45.2,44.58,3.8543464085463834,305356
2098,2016-05-04,44.79,45.11,44.46,3.8483320472312195,231287
2099,2016-05-05,44.88,45.27,44.42,3.8302889632857284,169593
2100,2016-05-06,44.51,45.45,43.48,3.822556213023375,282803
2101,2016-05-09,44.34,45.2,44.04,3.8560647974935733,258423
2102,2016-05-10,44.9,45.28,44.19,3.8826998261750125,192320
2103,2016-05-11,45.03,45.18,43.88,3.774441322502065,136806
2104,2016-05-12,44.17,44.47,43.6,3.768426961186901,166836
2105,2016-05-13,43.72,44.24,43.4,3.745228710399841,142837
2106,2016-05-16,43.58,44.12,43.4,3.777878100396444,161129
2107,2016-05-17,43.76,44.17,42.89,3.70055059777291,215315
2108,2016-05-18,43.05,43.15,42.5,3.67563395803866,190762
2109,2016-05-19,42.51,43.12,41.84,3.6618868464611425,190558
2110,2016-05-20,42.78,43.29,42.46,3.708283348035263,173486
2111,2016-05-23,43.15,43.47,42.88,3.690240264089772,156485
2112,2016-05-24,43.04,43.93,42.87,3.753820655135789,122999
2113,2016-05-25,43.64,44.0,43.3,3.7409327380318667,123011
2114,2016-05-26,43.63,44.3,43.23,3.8010763511835046,161944
2115,2016-05-27,44.14,45.2,44.14,3.8397401024952713,181502
2116,2016-05-31,44.48,45.24,43.51,3.849191241704814,376072
2117,2016-06-01,44.86,45.78,44.83,3.9050388824884785,507479
2118,2016-06-02,45.14,46.25,45.02,3.962604912219331,524961
2119,2016-06-03,45.84,46.47,45.37,3.9540129674833833,255109
2120,2016-06-06,45.96,47.36,45.93,4.023607719844564,312881
2121,2016-06-07,46.89,47.02,46.22,3.9969726911631245,194505
2122,2016-06-08,46.74,47.55,46.35,4.0691450269450895,393250
2123,2016-06-09,47.36,47.5,46.2,4.041650803790056,177630
2124,2016-06-10,46.81,47.09,46.12,3.989239940900771,135786
2125,2016-06-13,46.16,46.76,46.0,3.9557313564305727,125252
2126,2016-06-14,45.89,46.81,45.77,4.013297386161426,190878
2127,2016-06-15,46.74,46.74,45.98,3.9617457177457367,200257
2128,2016-06-16,45.96,46.41,45.63,3.984943968532797,180399
2129,2016-06-17,46.35,46.54,45.76,3.9505761895890035,313082
2130,2016-06-20,46.42,46.9,45.88,3.9574497453777626,247067
2131,2016-06-21,46.19,46.19,45.37,3.9187859940659955,142669
2132,2016-06-22,45.5,45.8,45.17,3.8998837156469093,138148
2133,2016-06-23,45.61,46.43,45.26,3.9359698835378922,227525
2134,2016-06-24,44.85,45.85,42.62,3.902461299067694,683571
2135,2016-06-27,44.9,45.0,43.68,3.752961460662194,246159
2136,2016-06-28,43.88,44.26,43.3,3.7409327380318667,271702
2137,2016-06-29,43.85,44.55,43.74,3.7649901832925217,319312
2138,2016-06-30,43.77,44.42,43.11,3.7658493777661164,417442
2139,2016-07-01,43.69,44.16,43.18,3.7503838772414095,181123
2140,2016-07-05,43.35,43.6,42.68,3.688521875142582,221643
2141,2016-07-06,42.67,43.46,42.57,3.6971138198785307,259532
2142,2016-07-07,43.14,43.45,42.66,3.6687604022499016,229756
2143,2016-07-08,43.05,43.98,43.05,3.7417919325054614,273888
2144,2016-07-11,43.64,44.38,43.47,3.7993579622363147,171215
2145,2016-07-12,44.63,44.75,44.21,3.8182602406554005,292936
2146,2016-07-13,44.68,44.75,44.19,3.806231518025073,152001
2147,2016-07-14,44.48,44.72,44.39,3.8234154074969697,124882
2148,2016-07-15,44.73,44.73,43.97,3.7881884340795824,143421
2149,2016-07-18,44.13,44.86,44.0,3.8088091014458576,127749
2150,2016-07-19,44.18,44.68,44.1,3.7942027953947455,140690
2151,2016-07-20,44.25,44.45,44.08,3.7899068230267714,115341
2152,2016-07-21,44.14,44.14,43.16,3.728904015401539,257033
2153,2016-07-22,43.39,44.51,43.24,3.8105274903930475,233728
2154,2016-07-25,44.35,45.05,43.94,3.851768825125599,244605
2155,2016-07-26,43.27,43.41,41.32,3.6627460409347377,738828
2156,2016-07-27,42.0,42.0,38.29,3.3362521409687043,1185531
2157,2016-07-28,38.62,40.05,38.6,3.3637463641237386,483828
2158,2016-07-29,39.27,39.43,38.52,3.3371113354422994,407244
2159,2016-08-01,38.76,39.68,38.76,3.3792118646484455,454103
2160,2016-08-02,39.16,39.23,38.46,3.33195616860073,418753
2161,2016-08-03,39.37,40.18,39.25,3.3903813928051783,490290
2162,2016-08-04,39.6,39.79,39.12,3.3689015309653074,313267
2163,2016-08-05,39.5,40.57,39.29,3.4840335904270137,391765
2164,2016-08-08,40.52,40.95,40.31,3.4788784235854453,258612
2165,2016-08-09,40.33,41.12,40.2,3.4900479517421776,262358
2166,2016-08-10,40.53,41.02,39.86,3.42818594964335,185304
2167,2016-08-11,39.92,40.96,39.92,3.5158237859500225,447780
2168,2016-08-12,40.98,41.2,40.52,3.4994990909517205,308882
2169,2016-08-15,40.63,40.92,40.34,3.4823152014798247,215530
2170,2016-08-16,40.59,40.79,40.22,3.5012174798989104,306770
2171,2016-08-17,40.63,40.95,40.45,3.5106686191084537,309951
2172,2016-08-18,40.78,41.19,40.71,3.508091035687669,261387
2173,2016-08-19,40.74,40.81,40.41,3.473723256743876,147314
2174,2016-08-22,40.29,40.9,40.22,3.4728640622702813,127547
2175,2016-08-23,40.39,40.55,40.1,3.4702864788494967,126882
2176,2016-08-24,40.37,40.78,40.1,3.460835339639954,159523
2177,2016-08-25,40.2,40.4,39.83,3.4634129230607384,224736
2178,2016-08-26,40.34,40.59,39.63,3.434200310958514,222756
2179,2016-08-29,40.16,40.79,40.02,3.443651450168057,108625
2180,2016-08-30,40.0,40.39,39.85,3.4333411164849195,138012
2181,2016-08-31,39.82,40.18,39.3,3.4127204491186434,225751
2182,2016-09-01,39.82,40.08,39.0,3.369760725438902,318160
2183,2016-09-02,39.27,39.81,39.17,3.4075652822770746,151725
2184,2016-09-06,39.87,39.91,39.51,3.405846893329885,145641
2185,2016-09-07,39.69,39.95,39.4,3.4247491717489713,313359
2186,2016-09-08,39.73,39.79,38.74,3.345703280178247,246473
2187,2016-09-09,38.02,38.78,38.02,3.281263694658635,382039
2188,2016-09-12,37.99,38.52,37.7,3.2761085278170667,384526
2189,2016-09-13,37.86,38.28,37.77,3.263220610713144,187442
2190,2016-09-14,37.87,38.21,37.44,3.221120081506998,148371
2191,2016-09-15,37.44,37.57,36.75,3.16097646835536,294347
2192,2016-09-16,36.89,37.27,36.84,3.166131635196929,278868
2193,2016-09-19,36.92,37.6,36.91,3.2254160538749717,234781
2194,2016-09-20,37.61,38.2,37.24,3.2125281367710494,216202
2195,2016-09-21,37.33,37.61,36.93,3.1884706915103944,277568
2196,2016-09-22,37.17,37.37,36.96,3.191048274931179,303075
2197,2016-09-23,36.98,37.96,36.96,3.254628665977196,399256
2198,2016-09-26,37.64,37.73,37.04,3.185033913616015,154238
2199,2016-09-27,37.19,37.19,36.07,3.1240311059907824,401534
2200,2016-09-28,36.31,36.31,35.2,3.052717964682412,572688
2201,2016-09-29,35.29,35.67,34.83,3.0106174354762656,520781
2202,2016-09-30,35.03,35.7,34.99,3.0544363536296015,547139
2203,2016-10-03,35.54,36.18,35.35,3.1068472165188856,299112
2204,2016-10-04,36.4,36.78,36.27,3.1197351336228087,248075
2205,2016-10-05,36.36,36.73,36.23,3.1429333844098686,276272
2206,2016-10-06,36.39,36.54,35.34,3.0406892420520846,494538
2207,2016-10-07,35.39,35.65,35.22,3.0389708531048947,409252
2208,2016-10-10,35.64,36.2,35.64,3.073338632048688,302430
2209,2016-10-11,35.89,36.08,34.64,3.022646158106593,346195
2210,2016-10-12,35.05,35.55,35.02,3.0200685746858085,171870
2211,2016-10-13,34.9,35.06,34.56,2.9745312675852826,203879
2212,2016-10-14,34.53,35.29,34.41,2.9977295183723434,470498
2213,2016-10-17,34.88,35.55,34.76,3.0123358244234555,447884
2214,2016-10-18,35.43,35.92,35.22,3.043266825472869,386243
2215,2016-10-19,35.38,35.87,35.35,3.066465076259929,1009911
2216,2016-10-20,32.47,35.05,32.24,2.9599249615341714,2836673
2217,2016-10-21,34.45,34.58,33.97,2.949614627851033,902640
2218,2016-10-24,34.6,34.89,34.12,2.9453186554830593,387462
2219,2016-10-25,34.1,34.13,33.72,2.910091682065671,405784
2220,2016-10-26,33.93,33.98,33.22,2.891189403646585,426570
2221,2016-10-27,34.64,34.77,34.19,2.984841601268421,441635
2222,2016-10-28,34.76,36.17,34.76,3.0931001049413687,659644
2223,2016-10-31,36.15,36.4,35.7,3.1016920496773173,444137
2224,2016-11-01,35.75,36.5,35.01,3.1102839944132654,371618
2225,2016-11-02,36.0,36.2,35.25,3.058732325997576,468635
2226,2016-11-03,35.8,36.25,35.2,3.0544363536296015,320352
2227,2016-11-04,35.7,36.1,35.35,3.0501403812616275,506935
2228,2016-11-07,35.95,36.5,35.75,3.0802121878374464,309004
2229,2016-11-08,35.7,36.25,35.65,3.0973960773093427,231112
2230,2016-11-09,35.4,38.0,35.16,3.243459137820463,551914
2231,2016-11-10,38.05,39.2,37.9,3.325082612811972,558519
2232,2016-11-11,38.9,39.7,38.85,3.3723383088596868,368430
2233,2016-11-14,39.55,40.05,39.25,3.385226225963609,436470
2234,2016-11-15,39.35,39.45,38.4,3.3293785851799456,278393
2235,2016-11-16,38.85,39.1,38.15,3.295010806236153,253548
2236,2016-11-17,38.3,38.85,38.15,3.2907148338681784,371790
2237,2016-11-18,38.35,38.8,38.05,3.307898723340075,423645
2238,2016-11-21,38.5,39.05,38.35,3.342266502283868,197095
2239,2016-11-22,39.1,39.55,38.9,3.3637463641237386,264623
2240,2016-11-23,39.25,39.68,39.0,3.3637463641237386,234730
2241,2016-11-25,39.25,39.7,39.11,3.3895221983315835,83577
2242,2016-11-28,39.35,39.55,38.72,3.3293785851799456,549472
2243,2016-11-29,38.85,39.02,37.9,3.2563470549243854,291017
2244,2016-11-30,37.9,37.95,37.05,3.1876114970367997,223784
2245,2016-12-01,37.4,37.9,37.0,3.234867193084515,341485
2246,2016-12-02,37.45,37.85,37.25,3.2176833036126187,148510
2247,2016-12-05,37.6,37.95,37.6,3.243459137820463,144570
2248,2016-12-06,37.9,38.25,37.44,3.2563470549243854,209672
2249,2016-12-07,38.05,38.75,37.85,3.3207866404439974,243736
2250,2016-12-08,38.75,39.8,38.6,3.415298032539428,252775
2251,2016-12-09,39.9,39.95,39.55,3.4238899772753766,160291
2252,2016-12-12,39.85,39.95,39.02,3.385226225963609,254867
2253,2016-12-13,39.65,39.75,38.75,3.3508584470198164,232689
2254,2016-12-14,38.95,39.15,38.35,3.303602750972101,212554
2255,2016-12-15,38.6,39.0,38.2,3.303602750972101,264867
2256,2016-12-16,38.6,39.65,38.6,3.3809302535956354,593270
2257,2016-12-19,39.5,39.7,37.9,3.277826916764256,456098
2258,2016-12-20,38.35,39.1,38.2,3.2993067786041266,254562
2259,2016-12-21,38.45,39.3,38.2,3.3336745575479196,263577
2260,2016-12-22,38.95,39.4,38.6,3.3207866404439974,284107
2261,2016-12-23,38.65,39.45,38.65,3.337970529915894,290096
2262,2016-12-27,38.8,40.0,38.7,3.4324819220113247,223318
2263,2016-12-28,39.9,40.05,39.35,3.3981141430675312,252827
2264,2016-12-29,39.65,40.3,39.55,3.449665811483221,231319
2265,2016-12-30,40.1,40.15,38.95,3.376634281227661,279275
2266,2017-01-03,39.35,39.65,38.1,3.2821228891322307,425238
2267,2017-01-04,38.35,39.02,38.05,3.3465624746518423,329014
2268,2017-01-05,37.4,37.6,36.3,3.1231719115171876,774288
2269,2017-01-06,36.45,36.55,35.5,3.0845081602054205,556613
2270,2017-01-09,35.75,35.9,35.3,3.0415484365256793,269210
2271,2017-01-10,35.5,36.05,35.25,3.075916215469472,229125
2272,2017-01-11,35.85,36.42,35.6,3.118875939149213,348522
2273,2017-01-12,36.1,36.45,36.0,3.0973960773093427,243512
2274,2017-01-13,36.15,36.4,35.35,3.088804132573395,328763
2275,2017-01-17,35.8,36.45,35.45,3.0544363536296015,285936
2276,2017-01-18,35.4,36.0,35.1,3.0845081602054205,331779
2277,2017-01-19,35.8,36.12,35.15,3.024364547053783,281599
2278,2017-01-20,35.2,36.0,34.7,3.0028846852139126,510469
2279,2017-01-23,34.95,35.98,34.85,3.075916215469472,342032
2280,2017-01-24,35.9,36.1,35.55,3.0845081602054205,142655
2281,2017-01-25,35.95,36.3,35.55,3.0931001049413687,325824
2282,2017-01-26,35.8,36.2,35.5,3.0544363536296015,229358
2283,2017-01-27,35.55,35.75,34.7,3.024364547053783,187349
2284,2017-01-30,35.0,35.35,34.8,3.024364547053783,405378
2285,2017-01-31,35.1,35.65,34.85,3.0544363536296015,401445
2286,2017-02-01,35.6,35.65,34.7,2.981404823374042,174618
2287,2017-02-02,34.6,35.05,34.6,2.981404823374042,163577
2288,2017-02-03,34.95,35.08,34.58,3.0071806575818862,228234
2289,2017-02-06,35.25,35.55,34.65,2.994292740477964,290163
2290,2017-02-07,34.85,35.3,34.8,3.0028846852139126,153597
2291,2017-02-08,34.85,35.75,34.7,3.0630282983655497,249601
2292,2017-02-09,35.65,36.6,35.65,3.105988022045291,291335
2293,2017-02-10,36.3,37.45,36.3,3.213387331244644,399414
2294,2017-02-13,37.6,37.77,36.9,3.200499414140722,256410
2295,2017-02-14,37.0,37.45,36.9,3.204795386508696,333564
2296,2017-02-15,37.15,37.4,36.5,3.204795386508696,275217
2297,2017-02-16,37.3,37.65,36.37,3.196203441772748,272199
2298,2017-02-17,37.15,37.35,36.75,3.204795386508696,402518
2299,2017-02-21,37.45,37.7,36.95,3.200499414140722,297794
2300,2017-02-22,36.95,37.0,35.75,3.088804132573395,386235
2301,2017-02-23,35.9,35.9,35.05,3.0630282983655497,601703
2302,2017-02-24,37.4,37.75,35.95,3.200499414140722,1246772
2303,2017-02-27,37.45,37.95,37.05,3.204795386508696,497269
2304,2017-02-28,37.25,37.3,36.35,3.1231719115171876,447309
2305,2017-03-01,36.85,37.28,36.65,3.1575396904609807,434265
2306,2017-03-02,36.55,37.48,36.55,3.1919074694047738,337402
2307,2017-03-03,37.15,37.55,36.95,3.204795386508696,285230
2308,2017-03-06,37.25,38.4,36.95,3.2692349720283076,442617
2309,2017-03-07,38.15,38.4,37.92,3.277826916764256,307840
2310,2017-03-08,38.2,38.4,37.75,3.264938999660334,277536
2311,2017-03-09,37.9,38.0,37.2,3.243459137820463,204813
2312,2017-03-10,37.85,38.35,37.82,3.277826916764256,350725
2313,2017-03-13,38.5,38.9,38.05,3.2993067786041266,533016
2314,2017-03-14,38.4,38.9,38.02,3.2993067786041266,320368
2315,2017-03-15,38.5,39.2,38.5,3.342266502283868,336984
2316,2017-03-16,39.1,39.25,38.7,3.3293785851799456,268083
2317,2017-03-17,38.75,39.25,38.5,3.3637463641237386,377673
2318,2017-03-20,39.25,39.7,38.55,3.3207866404439974,216648
2319,2017-03-21,38.75,39.1,37.9,3.26064302729236,191554
2320,2017-03-22,37.9,38.6,37.85,3.2864188615002043,189412
2321,2017-03-23,38.25,39.15,37.9,3.2993067786041266,177204
2322,2017-03-24,38.45,39.0,38.3,3.2993067786041266,185309
2323,2017-03-27,38.2,38.6,38.05,3.307898723340075,310811
2324,2017-03-28,38.5,39.35,38.3,3.376634281227661,294337
2325,2017-03-29,39.15,39.9,39.15,3.3809302535956354,338813
2326,2017-03-30,39.35,39.9,39.25,3.415298032539428,283549
2327,2017-03-31,39.8,40.4,39.65,3.4711456733230914,478662
2328,2017-04-03,40.55,40.85,39.85,3.445369839115247,237363
2329,2017-04-04,40.0,40.28,39.55,3.42818594964335,213040
2330,2017-04-05,40.2,40.7,39.85,3.42818594964335,268317
2331,2017-04-06,39.75,40.5,39.75,3.4711456733230914,234080
2332,2017-04-07,40.25,40.6,40.0,3.445369839115247,228025
2333,2017-04-10,40.2,40.65,40.05,3.458257756219169,134437
2334,2017-04-11,40.25,40.7,40.2,3.488329562794988,145120
2335,2017-04-12,40.45,41.4,40.13,3.5484731759466257,619246
2336,2017-04-13,41.2,41.35,40.75,3.5441772035786516,356377
2337,2017-04-17,41.45,41.62,41.15,3.5613610930505484,306305
2338,2017-04-18,41.45,41.65,41.0,3.5742490101544706,585465
2339,2017-04-19,41.45,41.85,40.95,3.5441772035786516,386105
2340,2017-04-20,42.9,42.9,42.11,3.664464429881927,587530
2341,2017-04-21,42.7,42.82,42.25,3.655872485145979,278183
2342,2017-04-24,43.1,43.3,42.6,3.694536236457746,280457
2343,2017-04-25,43.4,43.5,42.95,3.7031281811936947,296960
2344,2017-04-26,43.1,43.6,43.1,3.7203120706655906,400826
2345,2017-04-27,43.3,43.55,42.3,3.655872485145979,606916
2346,2017-04-28,46.35,47.55,44.75,3.8749670759126595,883874
2347,2017-05-01,45.2,45.7,43.6,3.9136308272244262,510814
2348,2017-05-02,45.6,46.65,43.65,3.9952543022159346,459530
2349,2017-05-03,46.25,46.62,46.05,3.9823663851120124,322225
2350,2017-05-04,46.35,46.5,44.4,3.943702633800245,450609
2351,2017-05-05,46.0,46.4,45.78,3.960886523272142,249297
2352,2017-05-08,46.1,46.35,45.62,3.926518744328349,163328
2353,2017-05-09,45.7,46.0,45.5,3.926518744328349,225817
2354,2017-05-10,45.55,45.85,45.3,3.930814716696323,211313
2355,2017-05-11,45.55,45.8,44.85,3.900742910120504,400022
2356,2017-05-12,45.3,45.3,44.5,3.827711379864944,269696
2357,2017-05-15,44.55,44.65,43.75,3.7675677667133063,603821
2358,2017-05-16,43.8,44.9,43.65,3.8105274903930475,347701
2359,2017-05-17,44.15,44.7,43.55,3.776159711449255,536806
2360,2017-05-18,44.1,45.1,44.1,3.8620791588087373,482281
2361,2017-05-19,45.1,46.75,44.88,4.016734164055805,749268
2362,2017-05-22,46.55,46.62,45.8,3.9565905509041674,430655
2363,2017-05-23,46.25,46.45,45.22,3.909334854856452,365721
2364,2017-05-24,45.5,45.85,45.3,3.9351106890642966,445403
2365,2017-05-25,45.8,46.35,45.5,3.9565905509041674,294467
2366,2017-05-26,46.0,46.35,45.0,3.909334854856452,221064
2367,2017-05-30,45.5,45.55,44.6,3.8534872140727887,307994
2368,2017-05-31,44.75,44.8,43.85,3.849191241704814,359407
2369,2017-06-01,44.9,45.0,44.2,3.819119435128996,253062
2370,2017-06-02,44.5,44.95,44.05,3.849191241704814,551995
2371,2017-06-05,44.85,44.85,43.01,3.8019355456570993,211449
2372,2017-06-06,44.05,44.2,43.72,3.7675677667133063,188817
2373,2017-06-07,43.85,43.98,43.1,3.711720125929643,314119
2374,2017-06-08,42.95,43.6,42.85,3.746087904873436,445726
2375,2017-06-09,43.55,43.7,43.12,3.7331999877695137,542606
2376,2017-06-12,42.55,42.85,39.95,3.4840335904270137,1141556
2377,2017-06-13,40.5,40.82,39.0,3.4539617838511956,1059567
2378,2017-06-14,40.25,40.7,40.05,3.488329562794988,624192
2379,2017-06-15,40.25,40.25,38.85,3.3895221983315835,453966
2380,2017-06-16,39.1,39.28,38.7,3.325082612811972,548962
2381,2017-06-19,38.75,39.9,38.7,3.419594004907402,891729
2382,2017-06-20,39.75,39.75,37.45,3.2219792759805927,592949
2383,2017-06-21,37.6,38.25,35.6,3.170427607564903,1309865
2384,2017-06-22,37.0,38.0,36.66,3.234867193084515,728127
2385,2017-06-23,37.6,37.75,36.62,3.179019552300851,608879
2386,2017-06-26,37.05,37.42,36.78,3.196203441772748,306961
2387,2017-06-27,37.25,38.05,37.25,3.239163165452489,354880
2388,2017-06-28,37.85,38.05,37.6,3.243459137820463,357655
2389,2017-06-29,37.8,37.92,37.3,3.2262752483485664,301714
2390,2017-06-30,37.65,37.85,37.2,3.200499414140722,267373
2391,2017-07-03,37.25,37.35,37.0,3.1919074694047738,102938
2392,2017-07-05,37.1,37.15,36.12,3.1274678838851617,444461
2393,2017-07-06,36.25,36.3,35.7,3.0802121878374464,450846
2394,2017-07-07,35.5,35.8,34.85,3.0028846852139126,538532
2395,2017-07-10,34.85,35.05,34.2,2.985700795742016,697154
2396,2017-07-11,34.85,35.45,34.45,3.0329564917897307,523725
2397,2017-07-12,35.45,36.2,35.4,3.105988022045291,653924
2398,2017-07-13,36.25,36.99,35.2,3.0415484365256793,405641
2399,2017-07-14,36.55,36.9,35.18,3.045844408893654,716874
2400,2017-07-17,35.5,36.45,35.3,3.0716202431014983,626778
2401,2017-07-18,35.55,35.72,34.3,2.981404823374042,687637
2402,2017-07-19,34.6,35.05,34.45,2.9728128786380936,618218
2403,2017-07-20,34.7,34.82,34.2,2.9427410720622746,368310
2404,2017-07-21,34.45,35.0,33.95,3.0028846852139126,1202859
2405,2017-07-24,34.9,36.5,34.65,3.1145799667812395,1027956
2406,2017-07-25,36.25,36.5,35.1,3.0656058817863343,862477
2407,2017-07-26,35.75,35.75,34.5,2.981404823374042,811008
2408,2017-07-27,34.7,34.75,33.15,2.9427410720622746,1492002
2409,2017-07-28,32.5,35.45,30.4,3.0054622686346963,2226320
2410,2017-07-31,35.0,35.4,34.35,3.0329564917897307,696955
2411,2017-08-01,35.4,35.4,33.92,2.985700795742016,818957
2412,2017-08-02,34.7,34.85,33.9,2.9126692654864557,503462
2413,2017-08-03,33.95,34.25,32.6,2.8181578733910246,738866
2414,2017-08-04,32.9,33.55,32.35,2.8654135694387404,837461
2415,2017-08-07,33.7,33.7,32.82,2.8396377352308955,559194
2416,2017-08-08,33.0,33.15,32.0,2.8181578733910246,866998
2417,2017-08-09,32.75,33.2,31.7,2.8353417628629214,695213
2418,2017-08-10,32.95,33.25,32.68,2.8396377352308955,416650
2419,2017-08-11,33.0,33.15,32.72,2.84393370759887,359086
2420,2017-08-14,33.25,33.52,32.9,2.856821624702792,398401
2421,2017-08-15,33.25,33.3,32.85,2.8267498181269732,300691
2422,2017-08-16,33.0,33.75,32.9,2.8353417628629214,377347
2423,2017-08-17,33.0,33.8,32.85,2.8267498181269732,617203
2424,2017-08-18,32.75,32.9,32.12,2.7751981497112834,386300
2425,2017-08-21,32.3,32.35,31.65,2.7365343983995167,333890
2426,2017-08-22,32.0,32.15,31.6,2.745126343135465,405528
2427,2017-08-23,31.9,31.95,31.45,2.7064625918236977,499548
2428,2017-08-24,31.6,32.25,31.35,2.6935746747197755,336869
2429,2017-08-25,31.35,32.0,31.3,2.697870647087749,399701
2430,2017-08-28,31.35,31.55,30.85,2.697870647087749,648376
2431,2017-08-29,31.3,31.45,30.25,2.6162471720962412,545084
2432,2017-08-30,30.35,31.0,30.15,2.6334310615681376,520129
2433,2017-08-31,30.65,30.8,30.02,2.5861753655204223,689992
2434,2017-09-01,30.25,30.85,30.25,2.6205431444642153,341431
2435,2017-09-05,30.45,30.55,29.35,2.551807586576629,558746
2436,2017-09-06,29.7,29.88,28.8,2.483072028689043,421384
2437,2017-09-07,28.85,29.62,28.02,2.4143364708014574,447359
2438,2017-09-08,28.05,28.75,28.0,2.4229284155374056,401775
2439,2017-09-11,28.3,29.0,28.3,2.440112305009302,354642
2440,2017-09-12,28.3,29.4,28.25,2.504551890528914,311125
2441,2017-09-13,29.25,30.2,29.2,2.551807586576629,464703
2442,2017-09-14,29.55,29.6,28.58,2.483072028689043,312468
2443,2017-09-15,28.75,29.6,28.7,2.5260317523687843,398409
2444,2017-09-18,29.55,29.75,28.85,2.4916639734249917,247163
2445,2017-09-19,29.05,29.8,29.05,2.504551890528914,345691
2446,2017-09-20,29.15,30.15,29.0,2.560399531312578,377934
2447,2017-09-21,29.8,30.2,29.15,2.534623697104733,261000
2448,2017-09-22,29.5,30.05,29.5,2.5689914760485255,287923
2449,2017-09-25,29.9,30.25,29.75,2.5947673102563704,270442
2450,2017-09-26,30.0,30.2,29.4,2.5732874484165,407010
2451,2017-09-27,30.1,30.7,29.85,2.6248391168321894,454333
2452,2017-09-28,30.55,30.82,29.92,2.577583420784474,443538
2453,2017-09-29,30.0,30.58,29.85,2.6162471720962412,429582
2454,2017-10-02,30.5,31.0,30.08,2.603359254992319,568618
2455,2017-10-03,30.25,30.85,30.0,2.6377270339361116,526620
2456,2017-10-04,30.7,31.05,30.05,2.5861753655204223,319968
2457,2017-10-05,30.15,30.82,30.05,2.6119511997282667,340133
2458,2017-10-06,30.25,30.85,30.25,2.6334310615681376,446813
2459,2017-10-09,30.65,30.9,29.9,2.5732874484165,305076
2460,2017-10-10,30.0,30.52,29.85,2.5947673102563704,230995
2461,2017-10-11,30.05,30.8,30.05,2.5947673102563704,465093
2462,2017-10-12,30.15,30.5,29.8,2.603359254992319,326497
2463,2017-10-13,30.45,30.45,29.6,2.581879393152448,486491
2464,2017-10-16,29.9,30.3,29.4,2.560399531312578,356842
2465,2017-10-17,29.65,31.1,29.6,2.6635028681439565,538134
2466,2017-10-18,30.75,31.4,29.95,2.680686757615853,697542
2467,2017-10-19,31.3,32.08,31.0,2.745126343135465,559515
2468,2017-10-20,32.1,32.85,31.65,2.740830370767491,559840
2469,2017-10-23,31.95,32.4,31.48,2.723646481295594,343755
2470,2017-10-24,31.6,32.3,31.45,2.723646481295594,314319
2471,2017-10-25,31.6,31.65,30.65,2.6506149510400343,645575
2472,2017-10-26,31.15,32.25,30.95,2.71935050892762,844145
2473,2017-10-27,32.3,33.75,31.95,2.788086066815206,992745
2474,2017-10-30,32.2,32.2,30.85,2.7322384260315427,631692
2475,2017-10-31,31.95,32.1,31.35,2.723646481295594,683013
2476,2017-11-01,31.95,31.95,31.3,2.7021666194557237,455225
2477,2017-11-02,31.4,31.95,30.98,2.697870647087749,420493
2478,2017-11-03,31.35,31.85,31.2,2.710758564191672,392535
2479,2017-11-06,31.6,31.8,31.3,2.7064625918236977,510308
2480,2017-11-07,31.35,31.52,30.1,2.5861753655204223,468796
2481,2017-11-08,30.0,30.84,30.0,2.6248391168321894,387390
2482,2017-11-09,30.4,30.85,30.15,2.6334310615681376,248992
2483,2017-11-10,30.55,31.35,30.45,2.680686757615853,554061
2484,2017-11-13,31.0,32.05,31.0,2.715054536559646,362513
2485,2017-11-14,32.7,33.78,32.5,2.8396377352308955,703087
2486,2017-11-15,32.95,33.92,32.35,2.8954853760145594,614580
2487,2017-11-16,33.75,33.95,33.4,2.8997813483825334,399840
2488,2017-11-17,33.5,34.28,33.5,2.9384450996943006,604770
2489,2017-11-20,34.1,34.55,33.25,2.934149127326326,649124
2490,2017-11-21,34.2,34.7,33.5,2.921261210222404,487315
2491,2017-11-22,34.1,34.35,33.55,2.8937669870673695,226645
2492,2017-11-24,33.8,33.92,33.35,2.8697095418067144,149888
2493,2017-11-27,33.5,33.8,33.1,2.8783014865426626,264691
2494,2017-11-28,33.7,34.7,33.6,2.9771088510060673,350839
2495,2017-11-29,34.8,35.65,34.75,3.0630282983655497,284524
2496,2017-11-30,35.8,35.95,35.1,3.0716202431014983,460054
2497,2017-12-01,35.7,35.75,35.0,3.0544363536296015,415170
2498,2017-12-04,35.7,37.7,35.7,3.200499414140722,855760
2499,2017-12-05,37.4,37.65,36.8,3.196203441772748,290604
