date,MV_pred,close,close_2
2012-01-03,1532513.28,100.0,100.0
2012-01-04,1511653.85,99.08916586768936,99.08916586768936
2012-01-05,1548492.05,98.27420901246406,98.27420901246406
2012-01-06,1525795.88,98.89741131351869,98.89741131351869
2012-01-09,1524264.03,99.35282837967404,99.35282837967404
2012-01-10,1532578.41,104.65004793863855,104.65004793863855
2012-01-11,1560212.03,111.33748801534038,111.33748801534038
2012-01-12,1528565.27,112.08053691275168,112.08053691275168
2012-01-13,1520999.64,110.25886864813039,110.25886864813039
2012-01-17,1554835.93,109.25215723873443,109.25215723873443
2012-01-18,1531219.2,110.52253116011505,110.52253116011505
2012-01-19,1538006.23,110.25886864813039,110.25886864813039
2012-01-20,1525454.75,111.31351869606902,111.31351869606902
2012-01-23,1546313.23,110.73825503355705,110.73825503355705
2012-01-24,1528969.82,111.38542665388303,111.38542665388303
2012-01-25,1524896.69,114.9568552253116,114.9568552253116
2012-01-26,1551630.43,114.33365292425697,114.33365292425697
2012-01-27,1510220.55,115.65196548418024,115.65196548418024
2012-01-30,1509006.77,114.66922339405563,114.66922339405563
2012-01-31,1542035.28,113.90220517737298,113.90220517737298
2012-02-01,1510132.37,115.72387344199426,115.72387344199426
2012-02-02,1521495.44,118.95973154362419,118.95973154362419
2012-02-03,1536340.02,124.01725790987537,124.01725790987537
2012-02-06,1541802.0,121.02109300095879,121.02109300095879
2012-02-07,1500912.01,121.66826462128475,121.66826462128475
2012-02-08,1493277.27,121.57238734419941,121.57238734419941
2012-02-09,1485886.24,120.49376797698947,120.49376797698947
2012-02-10,1508731.48,119.29530201342283,119.29530201342283
2012-02-13,1490986.54,119.60690316395015,119.60690316395015
2012-02-14,1495669.3,117.71332694151486,117.71332694151486
2012-02-15,1541897.9,116.89837008628956,116.89837008628956
2012-02-16,1526997.71,118.21668264621286,118.21668264621286
2012-02-17,1499941.06,119.72674976030682,119.72674976030682
2012-02-21,1492900.7,120.30201342281879,120.30201342281879
2012-02-22,1511281.84,124.28092042186003,124.28092042186003
2012-02-23,1481478.51,125.16778523489933,125.16778523489933
2012-02-24,1515413.33,124.6164908916587,124.6164908916587
2012-02-27,1483721.97,123.03451581975071,123.03451581975071
2012-02-28,1491607.9,125.52732502396933,125.52732502396933
2012-02-29,1477324.67,127.94822627037392,127.94822627037392
2012-03-01,1477081.67,129.3144774688399,129.3144774688399
2012-03-02,1494275.91,122.07574304889741,122.07574304889741
2012-03-05,1514484.99,121.45254074784278,121.45254074784278
2012-03-06,1500470.47,117.04218600191754,117.04218600191754
2012-03-07,1504482.14,121.02109300095879,121.02109300095879
2012-03-08,1510899.27,122.3633748801534,122.3633748801534
2012-03-09,1458237.9,123.77756471716204,123.77756471716204
2012-03-12,1517711.2,122.84276126558007,122.84276126558007
2012-03-13,1516144.31,126.4621284755513,126.4621284755513
2012-03-14,1511609.12,126.62991371045062,126.62991371045062
2012-03-15,1455007.23,128.11601150527326,128.11601150527326
2012-03-16,1476906.88,125.143815915628,125.143815915628
2012-03-19,1515060.29,125.503355704698,125.503355704698
2012-03-20,1510989.49,124.83221476510067,124.83221476510067
2012-03-21,1505036.26,125.31160115052732,125.31160115052732
2012-03-22,1462057.53,125.19175455417067,125.19175455417067
2012-03-23,1494448.32,125.55129434324066,125.55129434324066
2012-03-26,1495203.37,128.23585810162993,128.23585810162993
2012-03-27,1502602.98,125.35953978907,125.35953978907
2012-03-28,1507828.76,111.32828031437182,122.81879194630874
2012-03-29,1455983.17,109.67778796708467,119.75071907957815
2012-03-30,1498496.41,109.21790837444587,118.88782358581015
2012-04-02,1489939.37,108.96112400582545,118.45637583892619
2012-04-03,1503048.68,108.53404827887121,117.66538830297222
2012-04-04,1479375.26,107.55435303052492,115.84372003835091
2012-04-05,1495389.33,106.79259089971785,114.4295302013423
2012-04-09,1468583.94,105.66289817025368,112.36816874400768
2012-04-10,1502013.93,103.74874969283553,108.74880153403643
2012-04-11,1469051.68,106.30197890261357,113.66251198465964
2012-04-12,1502364.86,105.60783757906746,112.392138063279
2012-04-13,1495504.96,105.55163417824019,112.32023010546501
2012-04-16,1493195.38,104.66007879741892,110.66634707574306
2012-04-17,1500267.48,105.26376691450588,111.84084372003835
2012-04-18,1502460.57,105.99625661261854,113.27900287631832
2012-04-19,1482591.85,105.40594765986795,112.20038350910835
2012-04-20,1487828.92,105.73920062824868,112.87152444870567
2012-04-23,1498711.68,106.00133825746744,113.42281879194631
2012-04-24,1490357.84,106.35606330686684,114.11792905081495
2012-04-25,1469015.35,107.10313299732991,115.58005752636625
2012-04-26,1494461.35,107.56940179247894,116.51486097794823
2012-04-27,1477268.54,107.33847138599691,116.10738255033557
2012-04-30,1505389.17,107.50635173436055,116.44295302013423
2012-05-01,1482315.52,111.69464424400408,124.47267497603067
2012-05-02,1505956.78,110.21619358269933,121.69223394055611
2012-05-03,1476359.74,111.16002250454403,123.51390220517737
2012-05-04,1532151.64,110.38720453676626,122.00383509108342
2012-05-07,1500603.82,110.36963485253727,121.95589645254074
2012-05-08,1501317.63,108.2891716531663,118.00095877277086
2012-05-09,1477952.98,108.7355235832384,118.86385426653885
2012-05-10,1501880.57,109.15405849536056,119.65484180249281
2012-05-11,1435229.89,109.32550630778381,120.08628954937681
2012-05-14,1474598.02,107.9643618583178,117.54554170661552
2012-05-15,1407923.27,108.69714556695155,119.03163950143816
2012-05-16,1440716.14,108.33037939267209,118.38446788111219
2012-05-17,1453545.24,105.80859768312011,113.63854266538829
2012-05-18,1461005.6,104.42618644823784,111.02588686481305
2012-05-21,1447834.86,106.1155175953933,114.30968360498561
2012-05-22,1456011.65,106.21447614573442,114.52540747842761
2012-05-23,1403325.44,106.81074689104395,115.74784276126557
2012-05-24,1419843.36,107.17121323816579,116.4908916586769
2012-05-25,1386435.2,106.60838222749548,115.50814956855224
2012-05-29,1417682.16,108.35598528001597,118.9117929050815
2012-05-30,1414193.86,106.08910866343317,114.69319271332694
2012-05-31,1420035.69,106.23634896945937,115.05273250239694
2012-06-01,1421874.24,104.49461781925703,111.81687440076702
2012-06-04,1414929.61,104.11782228258554,111.19367209971239
2012-06-05,1415922.07,105.65658801061016,114.16586768935764
2012-06-06,1399534.96,106.17449030462404,115.26845637583894
2012-06-07,1364949.77,103.88132205526756,111.04985618408436
2012-06-08,1382504.21,103.19794196201616,109.87535953978909
2012-06-11,1363222.81,101.35078585328543,106.44774688398849
2012-06-12,1370634.34,100.71695566956318,105.3451581975072
2012-06-13,1364701.21,101.41960607726045,106.83125599232983
2012-06-14,1387203.06,102.14856693016958,108.34132310642379
2012-06-15,1387478.77,103.15762955891579,110.37871524448705
2012-06-18,1403906.81,102.56123997581575,109.30009587727709
2012-06-19,1392551.72,103.31409259542806,110.83413231064239
2012-06-20,1390144.31,101.88799257832981,108.2214765100671
2012-06-21,1393594.73,100.63605204655207,105.9443911792905
2012-06-22,1380811.28,100.33131991954372,105.48897411313519
2012-06-25,1386938.01,99.04967769960146,103.11601150527325
2012-06-26,1370152.46,99.46164308503313,104.02684563758389
2012-06-27,1375106.82,99.11286183848293,103.47555129434325
2012-06-28,1380912.44,98.73513691244388,102.87631831255992
2012-06-29,1374945.0,100.84593220355342,106.99904122722914
2012-07-02,1379687.21,100.39601654165983,106.25599232981784
2012-07-03,1378152.89,101.07927716113858,107.64621284755513
2012-07-05,1398829.92,101.61750860854113,108.77277085330776
2012-07-06,1415350.96,99.75226576617567,105.27325023969321
2012-07-09,1415460.45,99.70737960169018,105.27325023969321
2012-07-10,1435835.12,99.4877752002343,104.91371045062321
2012-07-11,1409017.89,99.25551258719798,104.55417066155321
2012-07-12,1415313.09,99.23680492938416,104.60210930009588
2012-07-13,1441841.43,100.84163095161315,107.71812080536914
2012-07-16,1376424.9,99.18841682420216,104.67401725790988
2012-07-17,1374903.63,99.31887576808485,105.03355704697988
2012-07-18,1375446.6,100.1991338215957,106.83125599232983
2012-07-19,1381875.56,100.68428606926904,107.86193672099714
2012-07-20,1346700.37,98.2046635607134,103.25982742090125
2012-07-23,1357413.31,97.20253933098897,101.48609779482263
2012-07-24,1338884.66,96.98003607538996,101.19846596356663
2012-07-25,1379709.73,99.47001162407582,106.06423777564717
2012-07-26,1341789.5,100.46721099737195,108.10162991371047
2012-07-27,1343733.87,102.15800089231192,111.48130393096835
2012-07-30,1351582.42,101.67822656526596,110.69031639501439
2012-07-31,1373082.92,110.55705760848768,127.75647171620325
2012-08-01,1375172.02,108.944235818947,124.80824544582933
2012-08-02,1369004.26,108.96399552924655,124.97603068072867
2012-08-03,1376200.68,109.35193853236262,125.81495685522532
2012-08-06,1396956.53,109.2725739008504,125.76701821668266
2012-08-07,1378239.5,109.77173607120721,126.77372962607862
2012-08-08,1389372.26,110.62129880853568,128.47555129434326
2012-08-09,1384094.01,109.46369590211984,126.29434324065197
2012-08-10,1387038.81,108.76893154477403,125.02396931927133
2012-08-13,1411432.69,108.8856226577524,125.287631831256
2012-08-14,1364891.8,108.73529455736961,125.09587727708534
2012-08-15,1338790.26,109.53479787299709,126.72579098753596
2012-08-16,1345759.4,109.46526687902734,126.70182166826463
2012-08-17,1390769.83,109.63498114478125,127.03739213806328
2012-08-20,1357474.06,109.52725341342459,126.89357622243529
2012-08-21,1397830.15,109.23108306370156,126.31831255992331
2012-08-22,1426230.19,109.10964152221976,126.07861936720998
2012-08-23,1407745.94,109.10631116881527,126.07861936720998
2012-08-24,1387525.53,110.53687058720834,128.83509108341323
2012-08-27,1429518.81,110.40237674799592,128.57142857142858
2012-08-28,1422588.2,110.43150373348467,128.61936720997122
2012-08-29,1376829.08,110.27286992478383,128.3557046979866
2012-08-30,1405437.63,109.70956394468385,127.27708533077661
2012-08-31,1360742.98,109.54377755250601,126.96548418024929
2012-09-04,1386388.55,109.74715437989921,127.34899328859062
2012-09-05,1374516.4,110.15572865218999,128.11601150527326
2012-09-06,1397479.94,112.5482842048595,132.64621284755515
2012-09-07,1366317.77,112.6875614216301,132.9098753595398
2012-09-10,1357949.66,112.57176674609843,132.71812080536913
2012-09-11,1385571.72,112.60853873474423,132.79002876318313
2012-09-12,1391086.42,112.40054643375024,132.40651965484182
2012-09-13,1377544.83,113.48774781124581,134.49185043144774
2012-09-14,1364752.35,113.44946153265896,134.44391179290508
2012-09-17,1350995.8,112.15630748116851,132.02301054650047
2012-09-18,1393324.5,113.93734866108633,135.40268456375838
2012-09-19,1360773.95,112.50165530378882,132.6941514860978
2012-09-20,1347098.36,112.2380346462202,132.21476510067114
2012-09-21,1357912.69,113.16049272996628,133.98849472674976
2012-09-24,1396801.69,113.42041273948249,134.46788111217643
2012-09-25,1427660.23,114.45449299876122,136.38542665388303
2012-09-26,1401771.71,112.80459249817211,133.2214765100671
2012-09-27,1349989.53,113.82207025205923,135.1869606903164
2012-09-28,1386490.44,113.31227049507056,134.2281879194631
2012-10-01,1371228.81,113.6670511937183,134.94726749760306
2012-10-02,1347682.57,113.9215140760135,135.49856184084373
2012-10-03,1347125.35,116.22921391073356,139.98082454458293
2012-10-04,1349676.31,115.77065151078793,139.16586768935764
2012-10-05,1353299.54,114.5178124408995,136.84084372003835
2012-10-08,1383063.93,114.8146810040443,137.464046021093
2012-10-09,1362444.37,114.68160345180331,137.2243528283797
2012-10-10,1364001.04,114.48718735557851,136.8648130393097
2012-10-11,1367050.69,114.04235275545551,136.02588686481306
2012-10-12,1387791.46,113.98248001901086,135.9060402684564
2012-10-15,1428443.47,115.76152148042436,139.21380632790027
2012-10-16,1431991.16,116.5677662472524,140.67593480345158
2012-10-17,1395532.9,117.60387790785798,142.59348034515818
2012-10-18,1426704.02,117.42677991435802,142.20997123681687
2012-10-19,1428661.39,115.36984401901873,138.2070949185043
2012-10-22,1367354.43,115.15550216357968,137.7756471716203
2012-10-23,1383561.17,115.54958900923302,138.4947267497603
2012-10-24,1374226.09,113.82594400155605,135.2109300095877
2012-10-25,1373080.47,114.60517465114717,136.69702780441037
2012-10-26,1390311.94,115.37131969240261,138.13518696069033
2012-10-31,1393583.65,121.76122775499898,150.287631831256
2012-11-01,1403482.11,123.16160650856071,152.9482262703739
2012-11-02,1361231.1,121.91942695740488,150.59923298178333
2012-11-05,1373763.02,120.45142818832062,147.81879194630875
2012-11-06,1380072.98,121.73308867103115,150.26366251198468
2012-11-07,1392533.55,120.37667539860507,147.67497603068074
2012-11-08,1385729.27,119.18034750698072,145.42186001917545
2012-11-09,1380822.11,120.37162758316056,147.67497603068074
2012-11-12,1373290.59,119.70982136420439,146.38063279002878
2012-11-13,1390244.31,118.80145897985973,144.60690316395016
2012-11-14,1389808.72,118.95199048924505,144.89453499520616
2012-11-15,1384396.63,118.23592771301148,143.50431447746882
2012-11-16,1388652.56,119.16252634305485,145.27804410354744
2012-11-19,1378114.47,120.87449566906798,148.58581016299138
2012-11-20,1389871.91,120.52545089803104,147.9386385426654
2012-11-21,1410014.6,121.01532160202555,148.84947267497603
2012-11-23,1409159.18,121.44530395358822,149.6883988494727
2012-11-26,1422726.25,122.18792921174482,151.1025886864813
2012-11-27,1433397.11,120.93340927673742,148.65771812080538
2012-11-28,1415233.36,123.01510271813484,152.61265580057528
2012-11-29,1409894.46,123.10341777961756,152.73250239693192
2012-11-30,1411378.26,122.27308573804751,151.12655800575263
2012-12-03,1421137.24,121.88183863306395,150.33557046979865
2012-12-04,1375197.66,121.59344530033371,149.80824544582933
2012-12-05,1379524.91,120.98356944103969,148.63374880153404
2012-12-06,1380782.66,121.3603468426947,149.32885906040266
2012-12-07,1372957.74,121.73140152446086,150.04793863854266
2012-12-10,1378171.96,121.42267535420116,149.47267497603067
2012-12-11,1359107.42,121.4634950651811,149.568552253116
2012-12-12,1364218.23,119.70122675573381,146.21284755512946
2012-12-13,1364671.42,120.33757323218572,147.41131351869606
2012-12-14,1391225.14,120.77698702091908,148.25023969319273
2012-12-17,1386202.25,122.086443755277,150.71907957814
2012-12-18,1419900.55,123.06797063658892,152.51677852348996
2012-12-19,1395864.57,122.25691922155973,150.93480345158196
2012-12-20,1397199.69,126.22160777027153,158.48513902205178
2012-12-21,1409729.23,128.86792071581627,163.54266538830296
2012-12-24,1396757.54,129.0918727795522,163.97411313518694
2012-12-26,1400143.45,128.82830711447025,163.42281879194633
2012-12-27,1420794.61,127.80141543128398,161.4333652924257
2012-12-28,1416731.5,126.28946703831366,158.5091083413231
2012-12-31,1401933.63,127.41244017624844,160.59443911792906
2013-01-02,1605049.16,129.44609263218547,164.2138063279003
2013-01-03,1594658.65,131.0451483645977,167.01821668264623
2013-01-04,1633830.27,131.27814222698998,167.18600191754555
2013-01-07,1600585.54,130.97516544192368,166.39501438159158
2013-01-08,1583046.46,130.38430954012503,165.05273250239694
2013-01-09,1561752.59,130.272492074857,164.64525407478428
2013-01-10,1551594.4,130.56917954319084,165.0287631831256
2013-01-11,1573528.82,130.74062692966532,165.1725790987536
2013-01-14,1574324.0,129.5070656181282,162.679769894535
2013-01-15,1565395.12,129.50045485828338,162.535953978907
2013-01-16,1575494.46,130.56250091999703,164.3815915627996
2013-01-17,1574926.45,133.05550463742458,168.9837008628955
2013-01-18,1552447.34,133.88716540869495,170.4458293384468
2013-01-22,1562848.16,136.00184364426266,174.28092042186
2013-01-23,1595461.53,135.64562084016072,173.39405560882074
2013-01-24,1570092.44,137.52136398919737,176.77372962607862
2013-01-25,1573466.84,138.0276047622572,177.54074784276125
2013-01-28,1588691.16,137.02252961042973,175.431447746884
2013-01-29,1587178.55,137.14769277859887,175.47938638542664
2013-01-30,1534737.15,136.5987887095347,174.30488974113138
2013-01-31,1550600.55,137.3762237644546,175.59923298178333
2013-02-01,1642633.97,138.3835062816,177.25311601150528
2013-02-04,1688237.79,138.26578901048154,176.72579098753596
2013-02-05,1666093.97,138.7343102497321,177.3489932885906
2013-02-06,1678901.03,138.7598769850599,177.10930009587727
2013-02-07,1675512.87,138.9246705473771,177.13326941514862
2013-02-08,1678069.95,139.49741600414097,177.92425695110262
2013-02-11,1662975.13,139.36139706221527,177.3969319271333
2013-02-12,1659087.83,139.9409779453716,178.23585810162993
2013-02-13,1759059.36,139.70657895492468,177.42090124640458
2013-02-14,1727864.23,141.31654719532088,180.15340364333653
2013-02-15,1724861.84,141.7725268841353,180.68072866730586
2013-02-19,1725376.31,142.47441277937148,181.68744007670182
2013-02-20,1704859.35,140.8395364605705,178.28379674017256
2013-02-21,1694832.78,140.55917454687724,177.46883988494727
2013-02-22,1726360.62,141.3326991799642,178.6433365292426
2013-02-25,1714827.39,139.79157956381107,175.431447746884
2013-02-26,1717477.64,138.80239377858402,173.25023969319273
2013-02-27,1729438.9,138.76606805272212,172.8667305848514
2013-02-28,1742489.71,136.1304850188269,167.5215723873442
2013-03-01,1715147.85,136.37044124493497,167.68935762224353
2013-03-04,1702826.09,137.43324334584543,169.39117929050815
2013-03-05,1718650.41,138.23768482283262,170.58964525407478
2013-03-06,1706585.57,137.87736443263958,169.58293384467882
2013-03-07,1706134.34,138.99337480673486,171.38063279002878
2013-03-08,1713166.14,139.34259868587714,171.71620325982744
2013-03-11,1719170.04,139.49081420047102,171.6442953020134
2013-03-12,1743708.34,139.27149421409274,170.85330776605946
2013-03-13,1734619.71,139.14793115572363,170.25407478427616
2013-03-14,1749051.35,139.52153344826718,170.61361457334613
2013-03-15,1741826.88,139.4409148544912,170.11025886864812
2013-03-18,1726111.42,139.4102879943492,169.75071907957812
2013-03-19,1720727.95,139.01172535573758,168.67209971236818
2013-03-20,1737764.29,139.036599192433,168.3844678811122
2013-03-21,1738963.64,138.50185192981573,167.04218600191754
2013-03-22,1743908.64,138.42944241447324,166.56279961649088
2013-03-25,1731777.27,138.52521746107828,166.41898370086292
2013-03-26,1717318.47,138.64061517928457,166.34707574304892
2013-03-27,1723903.84,138.91254076501667,166.56279961649088
2013-03-28,1720581.12,138.1961261101219,164.88494726749764
2013-04-01,1747212.45,138.98693614423195,166.25119846596357
2013-04-02,1718432.05,139.00052251659554,166.15532118887822
2013-04-03,1745077.82,139.80053587845023,167.56951102588687
2013-04-04,1735954.29,140.81437841443895,169.36720997123683
2013-04-05,1735004.81,140.57822345995058,168.7679769894535
2013-04-08,1717469.97,140.09229684086816,167.68935762224353
2013-04-09,1746099.8,139.3117627440335,166.01150527325026
2013-04-10,1735323.12,140.5154533313872,168.14477468839885
2013-04-11,1735087.63,141.95773912216893,170.7334611697028
2013-04-12,1724101.37,141.0706151274206,168.88782358581017
2013-04-15,1746906.7,138.1763481404571,163.20709491850434
2013-04-16,1724343.51,138.68143456388316,164.02205177372963
2013-04-17,1722203.79,137.72450404055078,162.032598274209
2013-04-18,1734744.5,138.69428479091454,163.71045062320232
2013-04-19,1695641.8,139.664781141597,165.4602109300096
2013-04-22,1697732.81,139.32796631835123,164.69319271332694
2013-04-23,1699007.07,139.92140563106435,165.6999041227229
2013-04-24,1698430.93,140.72064022391194,167.11409395973155
2013-04-25,1706634.28,142.01573386430078,169.46308724832215
2013-04-26,1707096.05,142.23061391156784,169.7027804410355
2013-04-29,1728623.83,141.95757886340243,169.00767018216683
2013-04-30,1719574.83,142.91607204900035,170.7574304889741
2013-05-01,1698616.8,141.86423735030593,168.74400767018219
2013-05-02,1710596.41,142.79339041800847,170.46979865771814
2013-05-03,1702803.04,143.10779166248585,171.0450623202301
2013-05-06,1702001.1,144.19125396647698,173.08245445829337
2013-05-07,1711455.52,144.51055347370158,173.65771812080538
2013-05-08,1712246.86,144.74995856746654,174.06519654841804
2013-05-09,1702447.13,144.41995517698925,173.39405560882074
2013-05-10,1688640.76,144.7611537481007,174.1131351869607
2013-05-13,1680156.99,144.0568872845036,172.81879194630872
2013-05-14,1674892.34,144.53450442699426,173.77756471716202
2013-05-15,1677440.2,144.50974540592438,173.77756471716202
2013-05-16,1674487.72,143.22290676005045,171.3566634707574
2013-05-17,1671947.8,142.5943893055261,170.18216682646212
2013-05-20,1670143.01,142.56535288620697,170.18216682646212
2013-05-21,1671288.11,142.53027916943105,170.15819750719078
2013-05-22,1685490.01,141.90964585259434,169.00767018216683
2013-05-23,1686272.66,142.42853386252625,170.0383509108341
2013-05-24,1677887.94,142.5210236236132,170.27804410354747
2013-05-28,1689786.69,143.99303248430363,173.10642377756471
2013-05-29,1661820.45,143.6572115474454,172.5071907957814
2013-05-30,1686109.53,144.55915736807304,174.2569511025887
2013-05-31,1672529.46,144.1514119048431,173.51390220517737
2013-06-03,1688241.77,144.49456887212608,174.1850431447747
2013-06-04,1668896.16,144.08154794072536,173.44199424736337
2013-06-05,1677127.42,143.40537857626953,172.19558964525407
2013-06-06,1671145.13,144.7145652953427,174.76030680728667
2013-06-07,1688605.76,145.62213792988132,176.53403643336532
2013-06-10,1648457.82,146.63996245113543,178.57142857142858
2013-06-11,1651715.5,144.70557084645955,174.97603068072866
2013-06-12,1673361.81,143.01701849643513,171.81208053691276
2013-06-13,1684119.83,143.60222207941246,172.9626078619367
2013-06-14,1650963.2,143.15464815146686,172.19558964525407
2013-06-17,1644473.44,142.51431789107423,171.06903163950145
2013-06-18,1645670.62,142.70270545715331,171.52444870565677
2013-06-19,1646184.9,142.25575583359839,170.7574304889741
2013-06-20,1647981.41,140.7222496420054,167.90508149568552
2013-06-21,1650601.35,138.3686273873154,163.49472674976028
2013-06-24,1667851.87,136.96955573919357,160.88207094918505
2013-06-25,1672701.61,137.13244142299175,161.2655800575264
2013-06-26,1653576.25,137.43875620187708,161.91275167785236
2013-06-27,1667337.96,138.80819748033224,164.59731543624162
2013-06-28,1662523.56,139.02198368243728,165.07670182166828
2013-07-01,1687614.85,138.72062222237807,164.54937679769895
2013-07-02,1684695.08,138.6659369970678,164.47746883988498
2013-07-03,1684760.93,140.10677769508237,167.2818791946309
2013-07-05,1697743.74,141.20749169247293,169.41514860977952
2013-07-08,1685308.83,141.5215937482289,170.06232023010548
2013-07-09,1678990.69,142.1653340566679,171.33269415148612
2013-07-10,1684654.4,141.37804110188173,169.89453499520613
2013-07-11,1694774.23,141.48862515885628,170.1342281879195
2013-07-12,1668305.86,142.21592647076938,171.57238734419943
2013-07-15,1676716.49,142.5886961073691,172.33940556088208
2013-07-16,1680358.51,141.76273436479985,170.78139980824545
2013-07-17,1678830.65,140.89714649356986,169.1514860977948
2013-07-18,1677804.18,142.35871744221345,171.95589645254074
2013-07-19,1692030.56,141.10943128277606,169.58293384467882
2013-07-22,1668354.57,140.51071942447845,168.4803451581975
2013-07-23,1684732.7,138.6364910264415,164.93288590604027
2013-07-24,1671442.17,135.57381255250266,159.15627996164912
2013-07-25,1691323.21,134.95510888640956,158.00575263662512
2013-07-26,1679860.15,134.63077956228742,157.40651965484182
2013-07-29,1694060.55,134.25725463610317,156.71140939597313
2013-07-30,1689024.03,139.6745573431884,167.04218600191754
2013-07-31,1681914.71,139.63901139374838,166.99424736337488
2013-08-01,1676004.36,141.6721634768245,170.90124640460212
2013-08-02,1688298.74,142.32683425644552,172.17162032598276
2013-08-05,1665789.85,142.28272943531863,172.12368168744007
2013-08-06,1695368.45,141.55623599503195,170.7334611697028
2013-08-07,1674176.63,140.33233809145477,168.40843720038353
2013-08-08,1672547.48,140.4821548933804,168.6960690316395
2013-08-09,1690755.68,140.45127536365007,168.6241610738255
2013-08-12,1716175.16,140.13299411703522,167.97698945349953
2013-08-13,1680347.81,139.54580669358273,166.8504314477469
2013-08-14,1664842.61,138.5739731948102,165.00479386385427
2013-08-15,1668350.94,137.9054161515441,163.73441994247364
2013-08-16,1654481.23,137.57475859709996,163.13518696069033
2013-08-19,1652167.88,135.95876461094306,160.09108341323108
2013-08-20,1649133.81,137.44160666145368,162.94343240651966
2013-08-21,1652654.18,137.10778619787703,162.34419942473636
2013-08-22,1643773.67,137.90394728494914,163.87823585810165
2013-08-23,1655839.74,136.54164727792502,161.31351869606902
2013-08-26,1656623.09,136.54601729135783,161.33748801534037
2013-08-27,1661199.73,135.56295422633863,159.49185043144774
2013-08-28,1665688.53,135.2214846570988,158.84467881112175
2013-08-29,1687286.15,136.25875578666353,160.81016299137104
2013-08-30,1649637.57,135.2156229816085,158.84467881112175
2013-09-03,1666565.01,135.36785250828575,159.15627996164912
2013-09-04,1689203.48,135.36372633837462,159.10834132310643
2013-09-05,1672399.15,134.6947837983604,157.81399808245448
2013-09-06,1680742.4,133.37710154903274,155.29721955896454
2013-09-09,1693838.23,134.76654373521473,157.93384467881114
2013-09-10,1683036.58,134.41812550202974,157.23873441994246
2013-09-11,1690897.83,134.8070878665881,157.93384467881114
2013-09-12,1657260.42,134.9389306057739,158.17353787152445
2013-09-13,1670909.98,136.48715167162317,161.09779482262704
2013-09-16,1682938.81,136.02695209365703,160.1869606903164
2013-09-17,1666440.0,136.68958709653566,161.4333652924257
2013-09-18,1698773.52,137.67465398175915,163.27900287631834
2013-09-19,1694991.13,138.51682010534267,164.86097794822626
2013-09-20,1708176.73,138.53243561607465,164.83700862895495
2013-09-23,1708661.99,138.4153372321831,164.57334611697027
2013-09-24,1705127.86,138.87784048019546,165.41227229146693
2013-09-25,1697095.88,137.69968537186293,163.15915627996165
2013-09-26,1702754.41,137.88521226706283,163.49472674976028
2013-09-27,1699872.27,137.7797463382282,163.27900287631834
2013-09-30,1698162.56,138.8875007617156,165.3883029721956
2013-10-01,1702636.39,139.29919158206093,166.15532118887822
2013-10-02,1706034.14,139.18730293282417,165.91562799616491
2013-10-03,1707826.58,136.54369705896406,160.85810162991373
2013-10-04,1703120.34,136.28370896286935,160.35474592521575
2013-10-07,1761104.14,136.356810634218,160.40268456375838
2013-10-08,1739833.5,135.3448007950663,158.41323106423778
2013-10-09,1722767.21,136.51199999009268,160.59443911792906
2013-10-10,1719063.88,137.6780755539448,162.7756471716203
2013-10-11,1739561.61,140.35296194699717,167.80920421860023
2013-10-14,1721359.35,140.83377970900287,168.6960690316395
2013-10-15,1780271.11,140.62728578376573,168.19271332694152
2013-10-16,1750658.6,142.0583448277064,170.85330776605946
2013-10-17,1778513.98,144.1776957452679,174.784276126558
2013-10-18,1816709.05,144.31797154616152,174.92809204218602
2013-10-21,1797592.9,144.02638207403487,174.2569511025887
2013-10-22,1751655.74,144.2449149178891,174.61649089165866
2013-10-23,1769246.17,143.41793912923413,172.9626078619367
2013-10-24,1742894.53,144.2171605078215,174.424736337488
2013-10-25,1736086.11,144.22302143656566,174.37679769894535
2013-10-28,1755268.79,142.68440396332954,171.38063279002878
2013-10-29,1783107.12,153.4302239426351,191.7305848513902
2013-10-30,1876366.96,156.9721806604591,198.2981783317354
2013-10-31,1872911.18,156.24417356242185,196.7162032598274
2013-11-01,1862548.22,154.75651583229714,193.69606903163952
2013-11-04,1881122.52,154.61571284067605,193.24065196548418
2013-11-05,1920311.28,156.4202133678588,196.4765100671141
2013-11-06,1911780.06,155.482552761028,194.46308724832215
2013-11-07,1879065.97,154.7625456399004,192.8811121764142
2013-11-08,1879262.52,155.36232231018462,193.81591562799616
2013-11-11,1876663.64,155.75396414452547,194.3432406519655
2013-11-12,1899719.91,156.3978369432345,195.32598274209013
2013-11-13,1876585.69,157.59768271762448,197.38734419942472
2013-11-14,1896980.36,157.88749087619712,197.69894534995208
2013-11-15,1889622.9,158.44238455617455,198.51390220517737
2013-11-18,1880087.52,157.90375429583682,197.26749760306808
2013-11-19,1889030.17,156.97918284937177,195.27804410354744
2013-11-20,1887188.59,158.32930089642002,197.62703739213808
2013-11-21,1826670.65,160.91699462093612,202.39693192713327
2013-11-22,1857407.38,160.65246382086565,201.72579098753593
2013-11-25,1865814.61,161.0032468982874,202.18120805369128
2013-11-26,1802367.57,160.23014974056505,200.575263662512
2013-11-27,1738596.42,160.53254574064061,201.1025886864813
2013-11-29,1733923.65,160.8537933568411,201.65388302972195
2013-12-02,1738661.64,160.35511093790174,200.64717162032596
2013-12-03,1746475.83,161.43949374228816,202.66059443911794
2013-12-04,1761081.21,160.0702098776668,199.97603068072868
2013-12-05,1730199.13,159.8891384515812,199.59252157238734
2013-12-06,1732886.21,160.1547410887307,200.02396931927134
2013-12-09,1776406.99,161.0902265570931,201.7018216682646
2013-12-10,1785231.25,158.05957388215285,195.8293384467881
2013-12-11,1783901.47,158.2335137233697,196.04506232023013
2013-12-12,1787638.59,158.06545634517292,195.63758389261747
2013-12-13,1783208.51,159.0297738581156,197.38734419942472
2013-12-16,1811736.05,160.2285573742105,199.56855225311602
2013-12-17,1812028.47,160.16867526247705,199.35282837967404
2013-12-18,1835673.43,161.38139718809973,201.53403643336532
2013-12-19,1840911.86,160.08384123432086,198.92138063279
2013-12-20,1823933.5,160.97708386259413,200.503355704698
2013-12-23,1828664.08,161.77357318189306,201.89357622243529
2013-12-24,1828548.37,161.84091750785115,201.89357622243529
2013-12-26,1820049.39,162.3420594810231,202.73250239693192
2013-12-27,1831537.14,162.029312025787,202.01342281879198
2013-12-30,1820975.5,162.02482518948247,201.89357622243529
2013-12-31,1828565.39,161.23379271320982,200.26366251198465
2014-01-02,1899732.21,161.8969202021074,201.39022051773728
2014-01-03,1893125.61,161.9886813019532,201.41418983700862
2014-01-06,1910270.93,160.22284933424825,197.86673058485138
2014-01-07,1885379.78,161.479217970948,200.09587727708532
2014-01-08,1841513.62,161.26757736175546,199.59252157238734
2014-01-09,1893032.22,161.066776285695,199.04122722914673
2014-01-10,1920497.34,161.2650597953297,199.28092042186003
2014-01-13,1898958.32,159.7055208297192,196.16490891658677
2014-01-14,1966977.93,161.25021346929748,198.92138063279
2014-01-15,1972649.91,162.21175320749938,200.5992329817833
2014-01-16,1969980.02,161.72185085591173,199.49664429530202
2014-01-17,1983014.01,160.55761015372002,197.0517737296261
2014-01-21,1980351.73,160.66664626466036,197.0517737296261
2014-01-22,1965960.98,161.09650168681134,197.6510067114094
2014-01-23,2011763.65,161.41508849633001,197.98657718120805
2014-01-24,1969730.43,158.48012824136222,192.18600191754555
2014-01-27,2002646.17,156.6427429133264,188.470757430489
2014-01-28,2064049.05,157.8723902154126,190.62799616490892
2014-01-29,2095250.04,155.11769779152738,185.16299137104505
2014-01-30,2083673.72,155.81084957761948,186.26558005752636
2014-01-31,2082276.92,156.0406025128038,186.50527325023972
2014-02-03,2087821.32,154.93148379465077,184.2281879194631
2014-02-04,2017368.64,154.75947845617645,183.79674017257912
2014-02-05,2010521.07,152.78849810893462,179.9137104506232
2014-02-06,2030951.39,154.56590960933136,183.1495685522531
2014-02-07,2032085.8,157.11297463138152,187.84755512943434
2014-02-10,2025868.07,159.85887584446306,192.95302013422818
2014-02-11,2018022.03,157.9433934529342,189.16586768935764
2014-02-12,2040952.27,155.21115276755523,183.82070949185044
2014-02-13,2023072.24,156.90362958144686,186.91275167785238
2014-02-14,2011492.19,155.17175073200724,183.48513902205178
2014-02-18,2014454.61,158.04313474599167,188.830297219559
2014-02-19,1983375.03,157.5264603712451,187.751677852349
2014-02-20,2064944.78,161.0728286504825,194.27133269415148
2014-02-21,2146742.04,161.9396527593832,195.63758389261747
2014-02-24,2146896.65,162.5756725019072,196.57238734419943
2014-02-25,2159235.48,162.2062258768226,195.51773729626078
2014-02-26,2084486.65,165.05303830164985,200.5992329817833
2014-02-27,2015475.37,165.6389579930569,201.43815915628
2014-02-28,2044975.02,165.432184835749,200.7430488974113
2014-03-03,1930664.57,165.1245772695022,199.97603068072868
2014-03-04,1873198.56,166.99482100542824,203.4276126558006
2014-03-05,1877021.02,166.88186966976815,203.06807286673057
2014-03-06,1859692.37,165.68879907910187,200.67114093959734
2014-03-07,1860391.17,166.21043203339545,201.58197507190795
2014-03-10,1866338.38,166.1264672977227,201.34228187919464
2014-03-11,1868781.38,165.22638328768764,199.5445829338447
2014-03-12,1873717.32,164.55346035334873,198.17833173537872
2014-03-13,1925906.73,161.9086614283587,193.00095877277087
2014-03-14,1893194.63,162.5548465117738,194.15148609779482
2014-03-17,1894253.75,162.82385778829683,194.58293384467885
2014-03-18,1870018.72,163.18140997208351,195.2301054650048
2014-03-19,1891589.19,161.52110635975328,192.01821668264623
2014-03-20,1872393.15,162.26351842420985,193.3844678811122
2014-03-21,1865551.57,162.40842743096997,193.62416107382552
2014-03-24,1876322.39,161.16195104634062,191.2032598274209
2014-03-25,1819873.67,161.16186028688637,191.2032598274209
2014-03-26,1823546.28,159.29505528600737,187.65580057526367
2014-03-27,1812631.02,159.05161781364296,187.20038350910832
2014-03-28,1861004.83,159.08095845836877,187.2243528283797
2014-03-31,1845614.56,159.00266402824147,187.12847555129431
2014-04-01,1835170.04,159.57684164427369,188.27900287631832
2014-04-02,1817843.09,161.1023101582179,191.2751677852349
2014-04-03,1741173.85,159.78184736881227,188.90220517737296
2014-04-04,1821314.89,158.6512909531932,186.76893576222434
2014-04-07,1816539.72,156.8246187878628,183.36529242569512
2014-04-08,1973635.38,156.27312423606773,182.26270373921383
2014-04-09,1963764.67,157.75394767299582,185.01917545541707
2014-04-10,1973769.51,156.25976195613018,182.16682646212848
2014-04-11,1966807.73,155.58970447397158,180.89645254074784
2014-04-14,1967011.83,156.54468158225643,182.71812080536913
2014-04-15,2036647.37,155.42708815180157,180.53691275167785
2014-04-16,2022751.11,156.5565255522674,182.64621284755515
2014-04-17,1988961.62,156.8075329374646,183.10162991371047
2014-04-21,1976987.24,156.91542750959385,183.34132310642377
2014-04-22,1998543.21,158.27697497033733,185.9060402684564
2014-04-23,1985622.16,156.68238886936155,182.88590604026845
2014-04-24,2014685.65,156.7449922742157,183.0536912751678
2014-04-25,2028000.41,156.0180464976673,181.73537871524448
2014-04-28,2009644.58,155.30018476159822,180.44103547459252
2014-04-29,1945950.95,155.821298372657,181.56759348034518
2014-04-30,2007949.96,155.85555874302145,181.71140939597316
2014-05-01,1987014.59,162.23339627487593,193.88782358581017
2014-05-02,1981345.09,161.28698800972165,192.11409395973155
2014-05-05,1896797.97,161.04149846798248,191.7785234899329
2014-05-06,1925693.8,160.39502092286085,190.65196548418027
2014-05-07,1913343.01,159.8712322522465,189.76510067114094
2014-05-08,1916756.97,158.35899221593928,186.98465963566636
2014-05-09,2139340.61,159.42924831609054,188.92617449664428
2014-05-12,1903562.21,160.62608736098474,191.32310642377755
2014-05-13,2157553.01,160.77704179778436,191.46692233940556
2014-05-14,2153626.75,158.6967763626335,187.36816874400768
2014-05-15,2146144.72,160.15268394451172,189.98082454458296
2014-05-16,2170250.3,161.1258274889848,191.7305848513902
2014-05-19,1890187.46,160.9178029784573,191.58676893576225
2014-05-20,1866910.0,160.14390674248358,190.38830297219562
2014-05-21,1850520.86,159.16638759398313,188.830297219559
2014-05-22,1840953.38,160.26141160223608,191.15532118887825
2014-05-23,1831020.67,160.45561085770075,191.7066155321189
2014-05-27,1814456.51,160.37430493065932,191.7785234899329
2014-05-28,1803491.64,160.04432119314254,191.2751677852349
2014-05-29,1826986.86,159.55478340098816,190.38830297219562
2014-05-30,1888575.74,159.51040877771499,190.29242569511027
2014-06-02,1834023.44,160.30263302109142,191.82646212847555
2014-06-03,1811751.37,160.78093695419398,192.78523489932888
2014-06-04,1804828.25,161.30293599744877,193.8398849472675
2014-06-05,1821561.93,162.63779843952952,196.42857142857144
2014-06-06,1812485.99,163.07184186129,197.3154362416107
2014-06-09,1842092.83,163.4690500555858,198.1543624161074
2014-06-10,1839544.58,162.62327186526508,196.59635666347074
2014-06-11,1839867.71,163.1489505040151,197.6510067114094
2014-06-12,1841157.12,161.68669254565003,194.89453499520616
2014-06-13,1860255.84,161.00346886341543,193.62416107382552
2014-06-16,1866381.72,160.08161075838296,191.87440076701822
2014-06-17,1859382.26,160.191695249491,192.09012464046023
2014-06-18,1841552.68,160.50096384631505,192.71332694151488
2014-06-19,1845493.4,160.0233556975895,191.7785234899329
2014-06-20,1847810.05,159.7464177590929,191.22722914669222
2014-06-23,1886609.89,160.06151240240197,191.75455417066155
2014-06-24,1872674.31,159.36274271925615,190.41227229146693
2014-06-25,1844663.14,159.80274941948454,191.2511984659636
2014-06-26,1860301.26,159.9164149873044,191.44295302013427
2014-06-27,1857589.2,159.91177254939595,191.39501438159155
2014-06-30,1855401.61,159.51768746638234,190.53211888782357
2014-07-01,1854021.23,160.11352067672001,191.63470757430488
2014-07-02,1841966.13,159.33375683191994,190.1246404602109
2014-07-03,1857812.86,159.99131708615593,191.4908916586769
2014-07-07,1850635.56,160.17201339795798,191.94630872483222
2014-07-08,1868783.34,159.52626196462538,190.81975071907956
2014-07-09,1849284.98,159.0376489657909,190.00479386385427
2014-07-10,1850022.76,158.42345501031326,188.95014381591565
2014-07-11,1823104.84,156.7147813504619,185.9060402684564
2014-07-14,1809413.15,155.76135296663406,184.3000958772771
2014-07-15,1761646.37,156.650797364669,186.2176414189837
2014-07-16,1787208.87,155.59626657670123,184.39597315436245
2014-07-17,1787469.34,154.3041947693256,182.14285714285714
2014-07-18,1796588.61,154.8735988545966,183.41323106423778
2014-07-21,1762919.19,154.37857722411826,182.71812080536913
2014-07-22,1754963.88,154.56478090773524,183.34132310642377
2014-07-23,1817908.13,154.10076480278695,182.64621284755515
2014-07-24,1797600.67,154.90513803860398,184.32406519654842
2014-07-25,1771604.52,154.59428061509576,183.96452540747842
2014-07-28,1790302.04,157.02239621193462,188.7823585810163
2014-07-29,1800791.87,162.8947433602176,200.143815915628
2014-07-30,1785704.85,160.9872716587427,196.62032598274212
2014-07-31,1774633.86,159.67585443053486,194.27133269415148
2014-08-01,1751388.47,158.96292182924932,193.07286673058485
2014-08-04,1758381.71,159.3216190496,193.9117929050815
2014-08-05,1748533.9,159.5225083470377,194.67881112176414
2014-08-06,1779917.6,160.41515603340207,196.50047938638545
2014-08-07,1765486.1,159.77215519966308,195.6615532118888
2014-08-08,1766090.28,159.76077735304185,196.02109300095879
2014-08-11,1780251.92,161.1450010995964,199.01725790987535
2014-08-12,1785665.36,161.28617564257374,199.66442953020135
2014-08-13,1760375.27,162.13788079048544,201.41418983700862
2014-08-14,1763228.41,161.9962295836288,201.24640460210927
2014-08-15,1773756.63,160.96231366594733,199.35282837967404
2014-08-18,1772219.72,162.046936464554,201.48609779482265
2014-08-19,1740669.38,162.4281824338936,202.30105465004797
2014-08-20,1769740.18,162.21630152667115,201.94151486097795
2014-08-21,1736482.08,162.29496200294682,202.15723873441996
2014-08-22,1762977.03,161.54451826394964,200.79098753595397
2014-08-25,1766615.09,162.29959345351799,202.3489932885906
2014-08-26,1763904.48,162.2507913207911,202.3250239693193
2014-08-27,1769180.61,160.9576518191176,199.90412272291468
2014-08-28,1751055.29,160.99280636385075,200.02396931927134
2014-08-29,1749891.66,160.64114713264055,199.42473633748804
2014-09-02,1755748.96,161.94592242011203,201.96548418024932
2014-09-03,1762886.91,161.04918763136135,200.33557046979865
2014-09-04,1777267.37,161.2939059517769,200.86289549376798
2014-09-05,1767803.53,161.0049715671796,200.38350910834134
2014-09-08,1771271.24,159.924265679144,198.3940556088207
2014-09-09,1806224.48,159.36776072800114,197.38734419942472
2014-09-10,1768632.78,159.933970711873,198.56184084372006
2014-09-11,1775414.98,160.6960838328411,200.09587727708532
2014-09-12,1799762.95,159.56696131685788,197.98657718120805
2014-09-15,1783320.13,159.58519143766773,198.0824544582934
2014-09-16,1788670.89,159.54206037628026,198.05848513902205
2014-09-17,1811089.16,158.72274295127497,196.57238734419943
2014-09-18,1790363.8,158.85642878170472,196.9079578139981
2014-09-19,1797692.88,157.82531580185844,194.99041227229145
2014-09-22,1764670.41,156.7313126259396,193.00095877277087
2014-09-23,1764376.8,156.25525593315217,192.18600191754555
2014-09-24,1780408.42,156.73253398944325,193.1687440076702
2014-09-25,1763289.56,154.8607503060146,189.69319271332694
2014-09-26,1755036.93,157.27005508796304,194.36720997123683
2014-09-29,1757322.73,158.33827565639635,196.50047938638545
2014-09-30,1760876.11,157.8010741124486,195.56567593480347
2014-10-01,1766112.9,156.8670485686855,193.88782358581017
2014-10-02,1752879.94,157.58498060058162,195.34995206136145
2014-10-03,1760918.83,158.81011006923245,197.77085330776606
2014-10-06,1771400.66,157.6255240945995,195.56567593480347
2014-10-07,1760211.36,155.75001929122115,192.04218600191757
2014-10-08,1810631.75,157.57506967770757,195.46979865771812
2014-10-09,1801039.1,154.82595340065416,190.22051773729626
2014-10-10,1806235.01,153.92947833849985,188.4947267497603
2014-10-13,1753393.7,153.554769661985,187.823585810163
2014-10-14,1767633.88,156.14985081468907,192.76126558005754
2014-10-15,1765297.09,156.9732558388467,194.31927133269414
2014-10-16,1758386.2,157.76058065367783,195.87727708533077
2014-10-17,1750647.43,157.6734009840839,195.7574304889741
2014-10-20,1745086.12,158.8049993028359,197.9386385426654
2014-10-21,1763621.39,159.0303462807558,198.3940556088207
2014-10-22,1786326.05,160.1052414608761,200.4554170661553
2014-10-23,1776838.8,159.6853353537622,199.66442953020135
2014-10-24,1786218.94,160.44645866800948,201.1025886864813
2014-10-27,1870589.34,162.0812335000901,204.09875359539794
2014-10-28,1866787.8,167.2344176962227,213.80632790028767
2014-10-29,1812592.61,165.6942965146464,210.81016299137104
2014-10-30,1771021.99,168.1187343582843,215.43624161073828
2014-10-31,1777309.69,166.9669605036993,213.23106423777563
2014-11-03,1804529.9,168.08176702619312,215.31639501438158
2014-11-04,1806374.74,170.04603681388565,219.03163950143812
2014-11-05,1806871.77,171.2652133184626,221.33269415148612
2014-11-06,1824633.07,171.5123587237148,221.74017257909878
2014-11-07,1806850.38,171.74884571405258,222.14765100671144
2014-11-10,1836067.43,173.4675077432697,225.35953978906997
2014-11-11,1837533.55,173.2117721781084,224.80824544582939
2014-11-12,1790659.9,175.17578398267707,228.49952061361458
2014-11-13,1794971.96,174.76090375890698,227.68456375838926
2014-11-14,1792711.38,174.31169112627904,226.77372962607865
2014-11-17,1849114.85,175.18683492379097,228.3557046979866
2014-11-18,1847390.93,175.4676832242004,228.8111217641419
2014-11-19,1846802.27,175.221029781809,228.25982742090125
2014-11-20,1832643.27,176.09704750985864,229.86577181208054
2014-11-21,1832331.87,176.35298312217193,230.2732502396932
2014-11-24,1816234.67,177.97304250748687,233.2933844678811
2014-11-25,1817291.09,177.96707206285924,233.22147651006713
2014-11-26,1827354.1,178.00036939373416,233.22147651006713
2014-11-28,1824704.35,180.57975964649845,238.08724832214767
2014-12-01,1858152.37,179.05321732817578,235.09108341323105
2014-12-02,1848460.32,179.39514136682402,235.66634707574306
2014-12-03,1837075.83,178.88247837126244,234.6596356663471
2014-12-04,1844576.74,179.6013291126706,235.95397890699905
2014-12-05,1852735.31,180.69846055753143,237.96740172579098
2014-12-08,1827517.26,180.5743534075262,237.70373921380633
2014-12-09,1832622.16,181.0780730166902,238.61457334611694
2014-12-10,1843935.51,180.62836212643467,237.70373921380633
2014-12-11,1832669.76,181.59601869512736,239.52540747842767
2014-12-12,1833306.71,181.4797564634398,239.26174496644293
2014-12-15,1860255.78,181.3862136251364,239.02205177372963
2014-12-16,1862568.1,177.84986464960946,232.19079578139983
2014-12-17,1847825.37,180.4730262243428,237.10450623202303
2014-12-18,1859025.1,181.97356836281014,239.88494726749758
2014-12-19,1861190.07,183.52182758839731,242.7372962607862
2014-12-22,1848554.77,185.08040882333648,245.61361457334613
2014-12-23,1861209.93,184.88235340085552,245.13422818791946
2014-12-24,1850905.89,184.4254274099119,244.1754554170662
2014-12-26,1874817.92,185.1611992526529,245.46979865771812
2014-12-29,1829842.73,186.53503055364774,248.0105465004794
2014-12-30,1814354.02,186.21023136461287,247.33940556088206
2014-12-31,1870932.78,186.82799445829818,248.41802492809205
2015-01-02,1930895.11,185.69534364218347,246.0930009587728
2015-01-05,1885207.31,183.9466981936752,242.68935762224353
2015-01-06,1926386.84,183.772312809431,242.2339405560882
2015-01-07,1930199.23,190.5570829596766,255.0335570469799
2015-01-08,1941775.54,191.18297999050773,256.0402684563758
2015-01-09,1916448.81,190.17747618247012,253.9789069990412
2015-01-12,1901813.48,191.556895622511,256.47171620325986
2015-01-13,1916538.3,192.2049359606355,257.5503355704698
2015-01-14,1935310.33,192.80374083686752,258.5091083413231
2015-01-15,1912630.18,191.01501403607998,254.93767976989452
2015-01-16,1898128.83,194.3190018722039,261.09779482262707
2015-01-20,1868882.03,195.46918017353747,263.2070949185043
2015-01-21,1870951.94,191.70433459167674,255.9443911792905
2015-01-22,1844015.42,194.64147401781665,261.48130393096835
2015-01-23,1873713.37,194.21517513183014,260.66634707574303
2015-01-26,1891773.36,194.5553073508581,261.2895493767977
2015-01-27,1889569.42,193.5504561042627,259.3000958772771
2015-01-28,1900205.42,192.32085639377928,256.83125599232983
2015-01-29,1896850.71,194.86197445211715,261.55321188878236
2015-01-30,1886696.88,191.92161225065405,255.87248322147653
2015-02-02,1918605.14,190.26792950446963,252.61265580057528
2015-02-03,1931002.94,191.62836631288837,255.08149568552255
2015-02-04,1918880.26,192.5580412444673,256.7593480345158
2015-02-05,1940235.36,192.70244860455085,256.90316395014383
2015-02-06,1911241.75,192.53990560845304,256.5196548418025
2015-02-09,1872309.14,190.11624912516154,251.86960690316394
2015-02-10,1886355.33,190.88305848994713,253.23585810162993
2015-02-11,1848932.83,190.19354666734716,251.86960690316394
2015-02-12,1843699.12,190.11919657453058,251.67785234899333
2015-02-13,1875553.73,189.4909835940197,250.4554170661553
2015-02-17,1877307.73,190.7146590187121,252.7564717162033
2015-02-18,1862815.74,196.55009068258963,263.8542665388303
2015-02-19,1893318.19,198.70840588815594,267.9050814956855
2015-02-20,1874389.87,197.44639151652245,265.46021093000957
2015-02-23,1913816.77,197.88694818042967,266.20325982742094
2015-02-24,1863663.3,201.25868507534773,272.57909875359536
2015-02-25,1868102.18,198.92621300747697,268.09683604985617
2015-02-26,1897259.24,196.24518502290363,262.91946308724835
2015-02-27,1901185.88,194.8074752589732,260.13902205177374
2015-03-02,1909846.88,194.209898430208,258.94055608820713
2015-03-03,1886916.21,193.3924017701933,257.3346116970278
2015-03-04,1876374.65,191.4328767435018,253.5714285714286
2015-03-05,1871063.97,193.06589367753043,256.6634707574305
2015-03-06,1880064.76,192.81614995778864,256.13614573346115
2015-03-09,1897376.45,192.82442425541714,256.0882070949185
2015-03-10,1894749.78,192.04518759077558,254.55417066155323
2015-03-11,1912842.34,190.02254847976712,250.62320230105465
2015-03-12,1870686.5,193.61618267061522,257.43048897411313
2015-03-13,1904034.18,192.58159877096836,255.41706615532118
2015-03-16,1882686.99,192.17666339761172,254.6260786193672
2015-03-17,1864317.2,193.09134897341372,256.35186960690316
2015-03-18,1879638.44,190.59744938071879,251.58197507190795
2015-03-19,1873128.23,191.9376954328432,254.12272291466925
2015-03-20,1913200.08,192.26055494872733,254.67401725790987
2015-03-23,1905253.43,192.20778947353423,254.53020134228188
2015-03-24,1880356.77,193.1417540643958,256.27996164908916
2015-03-25,1914765.77,191.95416376094892,253.9789069990412
2015-03-26,1918361.41,191.55938558751114,253.1399808245446
2015-03-27,1903484.03,192.49900315371667,254.8418024928092
2015-03-30,1892714.15,193.5045204009758,256.73537871524445
2015-03-31,1909332.06,193.36752647395087,256.4956855225312
2015-04-01,1919284.41,191.95036204098878,253.76318312559926
2015-04-02,1900432.03,192.6417533451535,255.10546500479387
2015-04-06,1903122.5,191.96072820894744,253.83509108341323
2015-04-07,1906837.78,189.19900890471155,248.60977948226272
2015-04-08,1935136.3,191.04616739898756,252.1093000958773
2015-04-09,1884179.56,190.82310324745578,251.7018216682646
2015-04-10,1898982.05,190.7259358151005,251.53403643336532
2015-04-13,1937932.0,188.96529747252166,248.17833173537872
2015-04-14,1936482.44,188.323162841429,246.93192713326943
2015-04-15,1880014.85,187.83555187326812,246.0210930009588
2015-04-16,1878124.01,188.04169592398506,246.40460210930007
2015-04-17,1836330.06,186.17372165028232,242.8811121764142
2015-04-20,1874706.45,187.0202271573308,244.46308724832213
2015-04-21,1902986.33,185.89005156998275,242.2818791946309
2015-04-22,1887636.9,186.18997093285773,242.85714285714283
2015-04-23,1909257.25,185.92325517967652,242.3298178331735
2015-04-24,1920604.84,188.38799523920548,247.00383509108343
2015-04-27,1864055.97,190.00719257579132,250.11984659635664
2015-04-28,1901450.87,190.59375338976844,251.22243528283798
2015-04-29,1918583.08,185.06863714212574,240.6999041227229
2015-04-30,1925136.23,180.04392854064326,231.13614573346118
2015-05-01,1946973.54,178.51040251979293,228.18791946308727
2015-05-04,2008175.8,179.81664547190613,230.60882070949185
2015-05-05,2002715.53,179.0961664421364,229.14669223394054
2015-05-06,1981244.39,179.27828814737947,229.38638542665387
2015-05-07,1985031.07,181.896728901593,234.27612655800573
2015-05-08,2015040.67,181.81891008777478,233.96452540747842
2015-05-11,1913429.75,180.8858301477008,232.1188878235858
2015-05-12,1973193.14,179.8790654824773,230.10546500479387
2015-05-13,1972751.21,180.0542186828146,230.3451581975072
2015-05-14,1920777.0,180.04639871731888,230.2732502396932
2015-05-15,1905832.75,179.72563532611622,229.65004793863858
2015-05-18,1931757.65,179.81819411002067,229.76989453499522
2015-05-19,1899543.06,181.6105711497927,233.19750719079582
2015-05-20,1901418.51,182.6746815331968,235.1869606903164
2015-05-21,1895202.55,182.4369656805754,234.70757430488973
2015-05-22,1888829.1,182.44519716996223,234.73154362416108
2015-05-26,1885294.27,181.85804877477443,233.62895493767977
2015-05-27,1895894.03,182.85769494256328,235.54650047938637
2015-05-28,1885349.34,182.97015659587606,235.76222435282838
2015-05-29,1914829.54,182.0335083831357,233.94055608820707
2015-06-01,1901428.44,182.37641881145146,234.56375838926172
2015-06-02,1890846.22,182.68404328630993,235.13902205177374
2015-06-03,1881603.89,184.53857447071798,238.68648130393098
2015-06-04,1886061.97,183.30069250781287,236.33748801534034
2015-06-05,1889470.92,183.5906770057204,236.91275167785238
2015-06-08,1875380.77,183.59310159815894,236.91275167785238
2015-06-09,1878359.16,183.44139817663265,236.64908916586768
2015-06-10,1878461.48,183.45180135919108,236.673058485139
2015-06-11,1872399.29,183.89647387115147,237.5119846596357
2015-06-12,1887641.43,183.61113723291407,236.96069031639504
2015-06-15,1935612.12,183.31618302177037,236.33748801534034
2015-06-16,1922836.26,183.92527180523774,237.4880153403643
2015-06-17,1951249.43,184.42728384850986,238.39884947267498
2015-06-18,1948348.42,184.51274420549944,238.4947267497603
2015-06-19,1901432.96,184.39258686117097,238.2790028763183
2015-06-22,1917455.53,184.73193180075768,238.9261744966443
2015-06-23,1926326.05,184.13961802131365,237.7756471716203
2015-06-24,1946853.18,183.8403536864539,237.15244487056566
2015-06-25,1902608.33,184.12635106302184,237.70373921380633
2015-06-26,1891799.05,183.7975133564965,237.10450623202303
2015-06-29,1875128.56,182.87827656491126,235.37871524448707
2015-06-30,1872526.11,183.9825972795874,237.5119846596357
2015-07-01,1901525.1,183.99243893838144,237.535953978907
2015-07-02,1924060.66,183.64690553865208,236.888782358581
2015-07-06,1893341.25,184.444534151717,238.39884947267498
2015-07-07,1934671.42,184.22384018148364,237.94343240651966
2015-07-08,1892418.44,183.35709317116817,236.33748801534034
2015-07-09,1888609.5,181.8095018861069,233.4372003835091
2015-07-10,1856549.03,183.57195987666213,236.816874400767
2015-07-13,1831095.6,184.4412515614055,238.51869606903168
2015-07-14,1836561.87,183.78691695790727,237.27229146692235
2015-07-15,1845659.08,183.2181449276384,236.2176414189837
2015-07-16,1844367.43,184.43384860664764,238.59060402684565
2015-07-17,1851212.77,183.87385213698064,237.55992329817835
2015-07-20,1860336.82,184.9183658362187,239.5973154362416
2015-07-21,1916028.97,185.0796159807955,239.90891658676895
2015-07-22,1906188.11,186.52355685816013,242.61744966442956
2015-07-23,1916072.02,185.00824379699003,239.71716203259828
2015-07-24,1921594.69,185.2489268397461,240.17257909875363
2015-07-27,1888072.12,185.05358396764586,239.83700862895495
2015-07-28,1831077.62,185.49715008635008,240.79578139980825
2015-07-29,1848216.81,185.66624440560352,241.2751677852349
2015-07-30,1857225.57,190.05900817168668,249.78427612655798
2015-07-31,1870617.74,189.75015625504025,249.30488974113138
2015-08-03,1832577.25,189.99864095932313,249.92809204218597
2015-08-04,1857067.03,190.65960146278638,251.34228187919464
2015-08-05,1894332.68,189.8064985807179,249.73633748801535
2015-08-06,1908767.18,187.2183335126051,244.8705656759348
2015-08-07,1910816.94,187.67718518607631,245.80536912751677
2015-08-10,1858524.42,185.7823539838896,242.25790987535953
2015-08-11,1838464.71,185.64687308069304,242.06615532118886
2015-08-12,1882380.54,185.1431146926773,241.15532118887825
2015-08-13,1942856.35,184.96411546112193,240.77181208053693
2015-08-14,1862605.33,185.58593711045415,241.99424736337488
2015-08-17,1897026.4,187.21042930314388,245.0862895493768
2015-08-18,1884766.44,185.88683661035606,242.5695110258869
2015-08-19,1883896.0,185.60922987761512,242.04218600191757
2015-08-20,1898767.0,184.2640481201351,239.47746883988495
2015-08-21,1914400.38,181.83743490434978,234.82742090124643
2015-08-24,1892264.75,177.25718550681094,226.12655800575263
2015-08-25,1818305.06,178.67418883594684,228.9069990412272
2015-08-26,1858476.94,180.0041357368485,231.47171620325983
2015-08-27,1881671.36,181.35083623283097,234.03643336529245
2015-08-28,1844774.41,180.76315647899625,232.95781399808243
2015-08-31,1861379.38,178.62167060296767,228.9069990412272
2015-09-01,1929547.34,176.28354353059288,224.4007670182167
2015-09-02,1977076.36,177.63085401276822,226.86960690316397
2015-09-03,1943207.33,177.07276923948405,225.74304889741134
2015-09-04,1950958.49,175.77926511203827,223.20230105465004
2015-09-08,1930444.2,177.23613803034016,225.934803451582
2015-09-09,1930863.23,175.37100750833602,222.38734419942477
2015-09-10,1928014.96,174.02701666137528,219.82262703739215
2015-09-11,1918014.96,176.45146913379793,224.4726749760307
2015-09-14,1882067.62,176.1151792263788,223.8974113135187
2015-09-15,1867149.72,176.82744021344723,225.287631831256
2015-09-16,1866969.36,175.6938259825294,223.17833173537872
2015-09-17,1849925.91,176.7619033807178,225.287631831256
2015-09-18,1879118.09,175.00268272264708,222.00383509108343
2015-09-21,1979245.6,175.10519420627867,222.12368168744007
2015-09-22,1958328.14,175.0892138683393,222.02780441035475
2015-09-23,1978259.19,175.38160842722954,222.48322147651004
2015-09-24,1949172.0,175.48412436309476,222.60306807286673
2015-09-25,1955141.55,175.53698860269253,222.6510067114094
2015-09-28,1934474.11,172.1064819033465,216.10738255033556
2015-09-29,1890919.22,172.40728677004094,216.68264621284757
2015-09-30,1910922.44,173.9808136044535,219.70278044103546
2015-10-01,1941919.73,172.30731690670746,216.46692233940556
2015-10-02,1955072.47,172.74438618707944,217.2339405560882
2015-10-05,1945586.45,173.70912725102866,218.98370086289552
2015-10-06,1934368.47,172.5416586869102,216.65867689357623
2015-10-07,1869924.1,171.99253558115296,215.58005752636626
2015-10-08,1925370.37,174.07258345805585,219.46308724832218
2015-10-09,1921367.39,174.21303925200226,219.6548418024928
2015-10-12,1864171.09,174.6854016593358,220.54170661553215
2015-10-13,1904686.13,173.5755986733919,218.38446788111216
2015-10-14,1954426.46,169.41699178725696,210.42665388302973
2015-10-15,1919985.46,169.56256038720946,210.6903163950144
2015-10-16,1972693.03,169.6421478038345,210.7861936720997
2015-10-19,1977174.24,171.94885917174923,215.1246404602109
2015-10-20,1966567.28,169.97569631363757,211.2895493767977
2015-10-21,1959027.66,167.63792145391753,206.71140939597316
2015-10-22,1962476.08,168.45207603068366,208.14956855225316
2015-10-23,1922293.72,168.81291092438306,208.77277085330778
2015-10-26,1975583.22,169.1440101648502,209.3000958772771
2015-10-27,1958570.01,166.36472626012272,203.88302972195592
2015-10-28,1906478.78,169.4108059120046,209.63566634707576
2015-10-29,1885502.39,166.12138773592375,203.37967401725788
2015-10-30,1879220.06,164.3441341997173,200.02396931927134
2015-11-02,1870291.88,164.67560147635223,200.69511025886868
2015-11-03,1930328.95,166.00901155310092,203.16395014381592
2015-11-04,1919546.83,164.99369504059632,201.15052732502397
2015-11-05,1924794.53,163.61859359561845,198.48993288590606
2015-11-06,1934495.68,164.91059831269422,200.95877277085333
2015-11-09,1877910.74,162.64049905657112,196.62032598274212
2015-11-10,1882019.71,163.68994355659018,198.63374880153407
2015-11-11,1875921.49,164.42792909145106,200.04793863854266
2015-11-12,1894368.17,163.25028590734732,197.79482262703738
2015-11-13,1836377.74,161.29245580858853,194.1275167785235
2015-11-16,1905029.95,162.82306652911615,197.0517737296261
2015-11-17,1906474.79,161.32012678971623,194.1754554170662
2015-11-18,1901346.97,162.87329720238387,197.0517737296261
2015-11-19,1887753.56,164.27284121745996,199.6883988494727
2015-11-20,1866232.09,164.46623739212316,200.07190795781403
2015-11-23,1885319.14,165.45627460223275,201.9175455417066
2015-11-24,1897384.27,166.05381151503917,203.0201342281879
2015-11-25,1876343.78,167.72539598876588,206.25599232981781
2015-11-27,1856917.88,166.61872428158816,204.26653883029724
2015-11-30,1894835.44,166.11548509012712,203.3557046979866
2015-12-01,1895378.3,166.35107676394355,203.85906040268455
2015-12-02,1891372.64,166.59519515213054,204.36241610738256
2015-12-03,1890376.59,165.17727549672895,201.7018216682646
2015-12-04,1894549.23,165.53756024080943,202.4209012464046
2015-12-07,1886914.45,165.67252473735965,202.70853307766058
2015-12-08,1909270.52,166.06414485447004,203.4276126558006
2015-12-09,1918457.54,165.54946197404823,202.39693192713327
2015-12-10,1895825.18,165.6147086583064,202.4928092042186
2015-12-11,1864072.51,165.69752934473712,202.63662511984663
2015-12-14,1901977.71,165.40728050191336,202.0613614573346
2015-12-15,1855061.35,166.3751634255429,204.0268456375839
2015-12-16,1859508.83,167.70854583864843,206.6634707574305
2015-12-17,1830647.98,165.06482989350275,201.77372962607865
2015-12-18,1843157.78,164.84645992071228,201.46212847555128
2015-12-21,1836000.64,164.99887981475638,201.86960690316394
2015-12-22,1821523.02,166.41306277933276,204.67401725790987
2015-12-23,1841374.27,166.26161618913443,204.43432406519656
2015-12-24,1830896.41,167.1012789289461,206.11217641418983
2015-12-28,1844401.52,166.52231300140338,205.10546500479387
2015-12-29,1878844.93,166.6339693678907,205.39309683604986
2015-12-30,1895414.4,165.8906728481105,204.0268456375839
2015-12-31,1907415.04,165.31039667847756,202.94822627037394
2016-01-04,1902092.48,164.26981619859498,200.93480345158196
2016-01-05,1826781.37,164.54612210516785,201.55800575263663
2016-01-06,1853881.29,163.94491079435326,200.47938638542666
2016-01-07,1810141.12,164.37008806133778,201.34228187919464
2016-01-08,1807051.99,163.8162335764188,200.38350910834134
2016-01-11,1843913.88,164.42619377587295,201.65388302972195
2016-01-12,1844744.04,163.959419101849,200.8389261744967
2016-01-13,1815690.51,163.34972950305684,199.8322147651007
2016-01-14,1807575.6,162.87197626580985,199.08916586768936
2016-01-15,1790631.46,161.76166685947172,197.1476510067114
2016-01-19,1803061.67,160.8504567826497,195.56567593480347
2016-01-20,1854542.06,159.67458505267405,193.43240651965485
2016-01-21,1847137.92,158.18841612044787,190.67593480345158
2016-01-22,1818528.87,161.00199934185108,196.18887823585808
2016-01-25,1845247.82,159.82334461979372,194.0556088207095
2016-01-26,1841423.43,163.22562875470143,200.5992329817833
2016-01-27,1820611.23,160.91410793628717,196.2607861936721
2016-01-28,1800803.27,164.02002069583517,202.25311601150526
2016-01-29,1828873.42,164.67825369772316,203.54745925215724
2016-02-01,1789862.99,166.27959578446033,206.73537871524448
2016-02-02,1790181.92,164.99196970867337,204.41035474592525
2016-02-03,1782611.26,164.05012143177845,202.7564717162033
2016-02-04,1790271.72,163.79943045187403,202.4209012464046
2016-02-05,1817846.55,159.35084052149665,194.00767018216683
2016-02-08,1799673.51,161.08288677090266,197.38734419942472
2016-02-09,1852007.02,160.7810647510889,196.8360498561841
2016-02-10,1865802.34,161.11870897507205,197.50719079578144
2016-02-11,1862712.54,159.71013130114736,194.7986577181208
2016-02-12,1866462.24,161.07463369111153,197.4352828379674
2016-02-16,1826217.08,163.49996996072278,202.13326941514862
2016-02-17,1791588.05,163.39293679112987,202.0373921380633
2016-02-18,1762164.6,164.28458021989763,203.85906040268455
2016-02-19,1803871.21,164.85648249145345,205.00958772770855
2016-02-22,1819336.61,164.7972311663105,204.9616490891659
2016-02-23,1821530.42,165.840419402997,207.02301054650047
2016-02-24,1810506.85,175.18273149369045,224.8801534036433
2016-02-25,1813371.71,179.11213719977027,232.40651965484182
2016-02-26,1805455.1,171.4390620995192,217.8811121764142
2016-02-29,1806170.62,172.11036892986095,219.24736337488017
2016-03-01,1790155.93,172.52375988595608,220.13422818791946
2016-03-02,1763786.16,173.2638581319393,221.66826462128478
2016-03-03,1749774.15,173.78060777411298,222.7948226270374
2016-03-04,1782661.25,174.85947037556014,224.95206136145734
2016-03-07,1715473.52,174.6461032008435,224.73633748801535
2016-03-08,1763521.7,174.08782368418008,223.8255033557047
2016-03-09,1711186.68,174.6594978146331,225.09587727708532
2016-03-10,1699511.2,174.0207327770943,224.04122722914667
2016-03-11,1703516.35,174.8243949394352,225.76701821668266
2016-03-14,1704347.11,174.0417539962959,224.424736337488
2016-03-15,1675407.91,173.11601221624076,222.84276126558007
2016-03-16,1717840.52,174.11494257723015,224.856184084372
2016-03-17,1749935.0,173.39975297824986,223.58581016299138
2016-03-18,1748850.36,174.10987943733758,225.02396931927132
2016-03-21,1763065.72,173.29937528113726,223.53787152444872
2016-03-22,1711769.05,173.8239601624108,224.66442953020135
2016-03-23,1733405.47,172.8800241723274,222.9626078619367
2016-03-24,1728951.12,171.5366566455405,220.51773729626078
2016-03-28,1733716.45,170.92051433316672,219.4870565675935
2016-03-29,1712256.29,173.7457862720178,225.04793863854266
2016-03-30,1734942.07,174.2230586217853,226.12655800575263
2016-03-31,1689564.12,172.96799255048677,223.94534995206138
2016-04-01,1759616.93,173.0339873709181,224.13710450623205
2016-04-04,1883958.69,172.54609595037223,223.17833173537872
2016-04-05,1909461.94,171.23814388791135,220.5896452540748
2016-04-06,1909548.01,171.75675255512806,221.4765100671141
2016-04-07,1899457.23,170.854101859716,219.70278044103546
2016-04-08,1824019.34,171.321652633246,220.61361457334613
2016-04-11,1833936.9,172.03587387588746,221.9558964525407
2016-04-12,1877500.53,171.64407768297696,221.14093959731545
2016-04-13,1844809.87,172.6159853740496,222.9386385426654
2016-04-14,1840587.33,171.3642157071499,220.51773729626078
2016-04-15,1856414.33,171.99446574833945,221.71620325982744
2016-04-18,1871310.84,171.41542503956663,220.5896452540748
2016-04-19,1937499.66,168.5192433420373,214.9568552253116
2016-04-20,1968605.31,170.23167903165745,218.09683604985617
2016-04-21,1963248.27,168.04176842665572,213.80632790028767
2016-04-22,1931982.89,167.21829571798375,212.12847555129434
2016-04-25,1855142.29,167.77495957564662,213.13518696069033
2016-04-26,1816563.11,167.86928657740097,213.326941514861
2016-04-27,1868623.69,167.2177551979927,212.0086289549377
2016-04-28,1872540.3,166.70652428467207,210.95397890699905
2016-04-29,1936165.01,164.25611714939694,206.13614573346118
2016-05-02,1901653.37,165.57221184457188,208.53307766059444
2016-05-03,1867502.56,163.88620939951232,205.2732502396932
2016-05-04,1928525.15,163.92759000549947,205.22531160115057
2016-05-05,1851348.28,160.89410564362373,199.44870565675933
2016-05-06,1870606.18,160.7707302264249,199.20901246404603
2016-05-09,1839304.65,162.52063247759074,202.56471716203262
2016-05-10,1883770.14,162.91972748327893,203.3077660594439
2016-05-11,1854829.65,160.68167270143638,199.01725790987535
2016-05-12,1897599.45,160.4721287688941,198.51390220517737
2016-05-13,1902417.04,159.39927412985918,196.3326941514861
2016-05-16,1839539.96,159.89595214414263,197.24352828379676
2016-05-17,1867849.32,158.82605653683456,195.1581975071908
2016-05-18,1834344.6,157.71255130317974,193.0249280920422
2016-05-19,1809800.67,158.26595561230158,194.0795781399808
2016-05-20,1863877.16,158.26687037804936,194.03163950143818
2016-05-23,1814072.02,159.4040304441685,196.18887823585808
2016-05-24,1871811.37,161.09924107344997,199.35282837967404
2016-05-25,1894575.09,160.2218347545549,197.57909875359542
2016-05-26,1852092.82,160.544329707453,198.10642377756474
2016-05-27,1849592.82,162.60959173410424,201.94151486097795
2016-05-31,2017765.51,162.4918956388165,201.48609779482265
2016-06-01,2272514.28,163.8871455295084,203.59539789069993
2016-06-02,2129204.56,163.49708050930568,202.4928092042186
2016-06-03,2167191.08,163.54382207070233,202.13326941514862
2016-06-06,2073342.84,165.13391455945518,204.79386385426653
2016-06-07,2098308.88,163.65134659332705,201.58197507190795
2016-06-08,2143868.11,164.20558654227239,202.2051773729626
2016-06-09,2147410.33,165.5191571136457,204.2425695110259
2016-06-10,2105178.35,165.58077500365846,203.9789069990412
2016-06-13,2086022.9,164.33218493676657,201.27037392138064
2016-06-14,2070022.17,165.07701068424717,202.37296260786195
2016-06-15,2104175.49,162.84933291514042,197.79482262703738
2016-06-16,2088763.64,162.9559511583583,197.62703739213808
2016-06-17,2075047.79,162.89328201607697,197.17162032598276
2016-06-20,2166036.84,162.64078188530573,196.2607861936721
2016-06-21,2170936.07,162.24990865109353,195.0862895493768
2016-06-22,2150989.6,163.39526778998788,196.8360498561841
2016-06-23,2192186.36,164.73897276175688,198.94534995206138
2016-06-24,2178982.9,165.318984935156,199.56855225311602
2016-06-27,2153494.85,163.92404419438847,196.52444870565674
2016-06-28,2200806.13,164.74215036449007,197.77085330776606
2016-06-29,2207986.55,167.0988289969954,201.96548418024932
2016-06-30,2165860.13,167.8856686487384,203.21188878235859
2016-07-01,1894775.86,166.9519118599991,201.43815915628
2016-07-05,1881204.0,167.22057530597033,201.89357622243529
2016-07-06,1821210.51,166.9119462739451,201.3183125599233
2016-07-07,1804725.32,166.6855729433467,200.95877277085333
2016-07-08,1822634.89,166.68670521706576,200.98274209012465
2016-07-11,1838495.94,167.98194801991053,203.45158197507192
2016-07-12,1829547.97,168.4211553029377,204.31447746883987
2016-07-13,1742665.33,167.87645475282795,203.40364333652926
2016-07-14,1810392.62,166.6780944896621,201.24640460210927
2016-07-15,1812420.6,165.32627333480724,198.8255033557047
2016-07-18,1783415.32,164.44049294383706,197.3154362416107
2016-07-19,1723915.61,163.8170140351869,196.3326941514861
2016-07-20,1761212.7,163.85659898407508,196.50047938638545
2016-07-21,1787709.74,165.0499195911298,198.80153403643337
2016-07-22,1788654.36,165.61272709082033,199.95206136145734
2016-07-25,1771647.57,166.26541292764085,201.29434324065198
2016-07-26,1756568.52,162.39695318700873,194.10354745925218
2016-07-27,1688493.64,161.368102897498,192.35378715244485
2016-07-28,1713351.16,162.7861772050684,195.20613614573347
2016-07-29,1754652.64,162.60827235837343,195.03835091083414
2016-08-01,1733635.01,163.3655413215064,196.59635666347074
2016-08-02,1721087.19,160.98513887262084,192.20997123681687
2016-08-03,1732532.17,156.14743994321526,183.10162991371047
2016-08-04,1722163.4,155.019360192234,181.11217641418983
2016-08-05,1764741.84,155.4384992298815,181.99904122722916
2016-08-08,1784336.12,154.7003730180994,180.70469798657717
2016-08-09,1752848.01,155.03844733944834,181.49568552253118
2016-08-10,1749120.03,154.43797635600717,180.44103547459252
2016-08-11,1737811.25,154.47149691997694,180.63279002876317
2016-08-12,1832764.43,155.0999637744477,181.83125599232983
2016-08-15,1729402.78,155.14653785210353,181.99904122722916
2016-08-16,1679915.95,154.44741011698207,180.8485139022052
2016-08-17,1726945.35,154.70446500132547,181.42377756471717
2016-08-18,1865635.51,155.45641478255806,182.86193672099716
2016-08-19,1781706.94,154.99537720710805,182.09491850431448
2016-08-22,1807497.54,155.1862999505456,182.50239693192714
2016-08-23,1766679.54,155.92378614244134,183.9884947267498
2016-08-24,1706822.99,155.87645514180582,184.20421860019175
2016-08-25,1705264.0,156.20016748518498,185.37871524448707
2016-08-26,1826217.23,155.42697704853146,184.20421860019175
2016-08-29,1812349.87,154.7276893430186,183.2214765100671
2016-08-30,1813075.96,155.26030138324572,184.49185043144774
2016-08-31,1850034.62,156.41580496945474,186.93672099712367
2016-09-01,1851067.56,155.96251751544725,186.3614573346117
2016-09-02,1858854.59,157.05945871943916,188.7344199424736
2016-09-06,1798033.63,156.33446363012945,187.65580057526367
2016-09-07,1791196.89,161.71987638529117,198.20230105465004
2016-09-08,1755947.94,158.03367204030434,191.4908916586769
2016-09-09,1783281.82,156.29472279180064,188.4947267497603
2016-09-12,1750048.13,157.37834211365197,190.89165867689357
2016-09-13,1804640.79,156.01786773878422,188.5666347075743
2016-09-14,1794140.03,153.3841647890578,183.9165867689358
2016-09-15,1802038.24,153.45792776942528,184.41994247363377
2016-09-16,1794730.23,153.56338984024077,184.9712368168744
2016-09-19,1804066.11,154.2565074454995,186.67305848513902
2016-09-20,1846474.61,154.04700979244018,186.60115052732502
2016-09-21,1859737.76,155.04057921488837,188.7823585810163
2016-09-22,1866134.92,156.34024364379937,191.58676893576225
2016-09-23,1898842.78,156.58331188425285,192.35378715244485
2016-09-26,1989016.71,156.05147407403922,191.51486097794825
2016-09-27,1961653.34,156.32514386563608,191.97027804410357
2016-09-28,1979648.11,155.6837789758098,190.65196548418027
2016-09-29,1943564.88,154.01015394389037,187.34419942473633
2016-09-30,1910635.61,155.36117966009007,189.8130393096836
2016-10-03,1947763.5,154.99789619122527,188.99808245445828
2016-10-04,1930923.3,155.19666288482586,189.28571428571428
2016-10-05,1876705.35,154.327437813142,187.58389261744966
2016-10-06,1872622.61,154.26870420058535,187.34419942473633
2016-10-07,1928759.12,154.59413941328606,187.84755512943434
2016-10-10,1888883.21,155.42652897996823,189.35762224352828
2016-10-11,1841869.05,154.9784652663752,188.44678811121767
2016-10-12,1851932.49,155.15785698131714,188.66251198465963
2016-10-13,1823064.65,154.71154844978997,187.751677852349
2016-10-14,1852432.8,155.08479076461745,188.39884947267498
2016-10-17,1792777.48,154.59607960774377,187.464046021093
2016-10-18,1807956.03,154.82878916707625,187.87152444870566
2016-10-19,1803532.1,155.92282699799406,189.90891658676895
2016-10-20,1805304.15,156.04608797706038,190.0287631831256
2016-10-21,1781539.41,156.7231759101999,191.2511984659636
2016-10-24,1851817.74,157.78021454611545,193.1687440076702
2016-10-25,1831114.85,155.20015993056091,188.15915627996165
2016-10-26,1866008.57,154.494700948516,186.67305848513902
2016-10-27,1786585.9,154.7239902870427,187.05656759348037
2016-10-28,1838273.22,155.2370448274529,187.91946308724835
2016-10-31,1892310.52,156.18393032269645,189.59731543624162
2016-11-01,1809331.93,154.13279238666868,185.66634707574303
2016-11-02,1791372.75,153.63667836054327,184.6836049856184
2016-11-03,1734985.54,153.6042065699682,184.63566634707576
2016-11-04,1740201.02,154.1466242783143,185.66634707574303
2016-11-07,1737243.24,154.663642254967,186.74496644295303
2016-11-08,1750067.48,154.61138727995427,186.62511984659636
2016-11-09,1743724.13,158.0928151428157,193.1927133269415
2016-11-10,1741857.26,159.7114816637668,196.2607861936721
2016-11-11,1768887.37,160.41665082410904,197.69894534995208
2016-11-14,1833126.04,163.89167972191564,204.26653883029724
2016-11-15,1823884.56,164.69304022097847,205.77660594439115
2016-11-16,1817055.83,163.77513507663429,203.9789069990412
2016-11-17,1836303.17,163.35117089421882,203.04410354745923
2016-11-18,1869597.8,163.67517691627478,203.49952061361458
2016-11-21,1845333.13,165.58548498579117,207.1188878235858
2016-11-22,1831056.34,166.47614310357122,208.79674017257912
2016-11-23,1834066.04,166.56249845031354,208.94055608820713
2016-11-25,1794495.58,167.21343816666501,210.23489932885906
2016-11-28,1832305.25,165.29072706627417,206.59156279961647
2016-11-29,1841683.36,163.7841645479183,203.7392138063279
2016-11-30,1840192.73,162.0187759841228,200.33557046979865
2016-12-01,1836003.02,165.81761644686074,207.52636625119845
2016-12-02,1920966.17,164.11568467562307,204.12272291466925
2016-12-05,1812146.14,163.28735387175513,202.5167785234899
2016-12-06,1814130.52,164.84331734459056,205.41706615532118
2016-12-07,1816246.84,164.33329980370598,204.43432406519656
2016-12-08,1816475.04,166.28302752567416,208.12559923298178
2016-12-09,1846182.81,166.6582267019803,208.79674017257912
2016-12-12,1782697.8,164.0090232924387,203.76318312559926
2016-12-13,1768746.5,163.6257965514426,203.06807286673057
2016-12-14,1742845.42,161.47046676778916,199.06519654841804
2016-12-15,1795491.77,161.2359131226658,198.6816874400767
2016-12-16,1757407.06,161.3559543806582,199.01725790987535
2016-12-19,1792463.79,156.6191439710748,190.1006711409396
2016-12-20,1756333.99,155.49211042716777,188.183125599233
2016-12-21,1814767.85,155.56727193262435,188.470757430489
2016-12-22,1800301.46,156.0284083635086,189.5254074784276
2016-12-23,1821940.52,155.5880195224115,188.8063279002876
2016-12-27,1823801.24,155.03974312326085,187.84755512943434
2016-12-28,1754586.33,153.50520176381994,185.11505273250242
2016-12-29,1867633.39,154.1143811717648,186.33748801534037
2016-12-30,1879819.74,153.18465089635944,184.56375838926175
2017-01-03,1979053.9,151.90554271517573,182.02301054650047
2017-01-04,1986607.19,152.87934578718898,183.82070949185044
2017-01-05,1980412.96,152.78817867889128,183.55704697986576
2017-01-06,2007474.4,152.13115995686775,182.14285714285714
2017-01-09,2052188.41,151.69340883303238,181.11217641418983
2017-01-10,2063159.68,153.6171674344951,184.5397890699904
2017-01-11,2105314.31,153.7100238604858,184.4678811121764
2017-01-12,2108749.62,153.44531115550484,183.6529242569511
2017-01-13,2105649.39,152.26498991429182,181.11217641418983
2017-01-17,2085250.69,150.71143355011665,177.87631831255993
2017-01-18,2124823.92,151.83297582600522,179.6979865771812
2017-01-19,2075160.38,150.02126818069303,175.9587727708533
2017-01-20,2069897.0,149.88219300545268,175.47938638542664
2017-01-23,1982222.13,148.7897735753466,173.25023969319273
2017-01-24,2075277.3,145.15991986593184,166.1313518696069
2017-01-25,2061175.96,145.27657442742913,166.08341323106427
2017-01-26,2057647.45,143.91735905963066,163.27900287631834
2017-01-27,2035592.02,143.52569458534455,162.39213806327902
2017-01-30,1955327.47,144.3814122794932,163.87823585810165
2017-01-31,1981603.45,144.74396538185934,164.3815915627996
2017-02-01,2045407.85,143.18006318067486,161.09779482262704
2017-02-02,1940950.71,143.48512104452635,161.48130393096838
2017-02-03,1946909.36,143.9080551905702,162.08053691275168
2017-02-06,2003769.89,143.7747937270981,161.5771812080537
2017-02-07,1939180.32,142.73045184826393,159.39597315436242
2017-02-08,1922082.82,142.71026748382644,159.18024928092044
2017-02-09,1901773.55,143.00544513660566,159.6116970278044
2017-02-10,1900398.79,143.31707606610115,160.13902205177374
2017-02-13,1906245.13,143.25893005323576,159.9472674976031
2017-02-14,1931998.49,143.11692742155162,159.56375838926172
2017-02-15,1910327.51,143.1551610244398,159.56375838926172
2017-02-16,1917752.32,143.1548615338492,159.51581975071906
2017-02-17,1931662.1,135.13204225739676,144.15148609779482
2017-02-21,1938114.99,137.15070109574174,147.89069990412273
2017-02-22,1935729.18,134.72383507951125,143.16874400767017
2017-02-23,1929428.3,134.4788863799339,142.56951102588687
2017-02-24,1944590.39,135.01513679202574,143.4803451581975
2017-02-27,1917901.69,135.5201730212541,144.36720997123683
2017-02-28,1939088.4,135.05524060598276,143.3844678811122
2017-03-01,1924276.84,126.3915571721748,126.79769894534996
2017-03-02,1688059.61,125.32733631610753,125.0
2017-03-03,1707850.9,126.95994625526713,128.21188878235859
2017-03-06,1616595.75,126.64396323869519,127.80441035474593
2017-03-07,1633615.76,126.82651873440156,128.33173537871525
2017-03-08,1675468.58,126.61524657538325,128.06807286673057
2017-03-09,1616516.65,128.24603068268308,131.39980824544583
2017-03-10,1649532.58,128.88204776478224,132.74209012464047
2017-03-13,1675447.21,128.44370317404972,131.99904122722913
2017-03-14,1645596.21,128.9346573071245,133.02972195589646
2017-03-15,1649883.71,128.0036257850063,131.39980824544583
2017-03-16,1643393.37,126.32118749255204,128.3077660594439
2017-03-17,1622969.95,125.75538876273727,127.39693192713327
2017-03-20,1630779.52,124.38163115900826,124.90412272291466
2017-03-21,1575898.15,123.0122744923985,122.53116011505274
2017-03-22,1621933.04,122.25310713438085,121.2607861936721
2017-03-23,1646205.62,122.38888186893564,121.69223394055611
2017-03-24,1675238.77,123.05470324568043,123.10642377756471
2017-03-27,1700934.38,122.92630670876446,122.91466922339407
2017-03-28,1705840.32,125.0326454047887,127.08533077660596
2017-03-29,1685371.47,125.39788222074986,127.97219558964525
2017-03-30,1707737.5,126.0254724612991,129.43432406519656
2017-03-31,1724434.1,126.41865768040822,130.44103547459252
2017-04-03,1674846.97,125.50569310192753,129.00287631831256
2017-04-04,1668506.75,125.22993088540451,128.81112176414192
2017-04-05,1690402.26,125.06823950657848,128.85906040268455
2017-04-06,1665558.14,126.12144416905319,131.25599232981784
2017-04-07,1645294.26,125.69505871496872,130.89645254074784
2017-04-10,1651533.74,125.64769142364021,131.25599232981784
2017-04-11,1601765.63,125.95378996033875,132.3346116970278
2017-04-12,1672370.31,126.092935556859,133.00575263662512
2017-04-13,1677641.01,124.7292559715936,130.8485139022052
2017-04-17,1741546.68,124.74572925846181,131.20805369127518
2017-04-18,1751035.47,125.33617675901749,132.64621284755515
2017-04-19,1755741.45,125.47091259727792,133.12559923298178
2017-04-20,1759257.82,126.1760989601893,134.77948226270374
2017-04-21,1642395.38,126.16116917781005,135.16299137104505
2017-04-24,1753147.44,126.25560799915928,135.64237775647172
2017-04-25,1759969.96,126.17617739000255,135.76222435282838
2017-04-26,1747538.16,126.40866695057791,136.40939597315435
2017-04-27,1741642.96,125.93232876885193,135.73825503355707
2017-04-28,1756658.94,125.66991889249942,135.52253116011505
2017-05-01,1644726.06,125.52950439586681,135.5465004793864
2017-05-02,1770678.09,121.96483863899948,128.93096836049855
2017-05-03,1693907.93,120.84828462605668,127.10930009587729
2017-05-04,1723119.87,120.13257761991201,125.9587727708533
2017-05-05,1764917.59,120.06398737246747,125.98274209012466
2017-05-08,1736755.53,118.8460460721127,123.8255033557047
2017-05-09,1748174.45,118.30175270660385,122.93863854266537
2017-05-10,1744449.49,119.92983498538501,126.19846596356663
2017-05-11,1710969.02,118.69554940769711,124.06519654841803
2017-05-12,1706231.75,117.80982292536885,122.5790987535954
2017-05-15,1709988.92,117.67734172096297,122.53116011505274
2017-05-16,1738832.19,115.90385217654028,119.34324065196549
2017-05-17,1655640.98,115.01540027574572,117.92905081495687
2017-05-18,1744533.21,114.72786257256993,117.56951102588687
2017-05-19,1724917.57,115.44030061093764,119.12751677852349
2017-05-22,1777122.99,114.54832137150854,117.5934803451582
2017-05-23,1743972.49,113.89213215456758,116.51486097794823
2017-05-24,1779844.65,113.7595400493704,116.4189837008629
2017-05-25,2097288.26,113.16927486692558,115.12464046021094
2017-05-26,2256667.85,112.481279762953,113.25503355704699
2017-05-30,2386488.61,112.2780273755287,112.20038350910835
2017-05-31,2310314.05,111.30225318316167,109.65963566634709
2017-06-01,2611667.63,114.33713509931434,114.47746883988495
2017-06-02,2651624.76,114.08618056321632,113.03930968360498
2017-06-05,2625683.15,113.41177776228602,110.76222435282838
2017-06-06,2204232.84,113.45915313604002,110.30680728667306
2017-06-07,2466484.67,112.69725791429944,108.07766059443912
2017-06-08,2486457.73,112.71623645613357,107.28667305848514
2017-06-09,2458637.48,114.80785093449813,110.47459252157239
2017-06-12,2227759.47,115.73895928500906,111.67305848513904
2017-06-13,2251554.97,114.80505768755387,109.27612655800576
2017-06-14,2225257.93,114.92332113362616,108.91658676893576
2017-06-15,2490603.7,112.47589375664244,103.35570469798658
2017-06-16,2496801.38,112.92776362391845,103.35570469798658
2017-06-19,2467963.24,114.53525384620679,105.60882070949187
2017-06-20,2457678.62,113.84443191682158,103.5234899328859
2017-06-21,2412390.63,113.29314617166719,101.77372962607862
2017-06-22,2411647.4,114.41283544225035,103.21188878235859
2017-06-23,2423513.5,115.29751252299391,104.17066155321189
2017-06-26,2402571.4,116.38636282095271,105.56088207094918
2017-06-27,2448511.04,116.92396244977878,105.87248322147651
2017-06-28,2439791.28,117.30647084885373,105.84851390220518
2017-06-29,2443896.43,118.49985654251486,107.35858101629914
2017-06-30,2453339.08,117.96257487325914,105.5848513902205
2017-07-03,2462376.53,119.35581340857277,107.45445829338448
2017-07-05,2417975.59,117.80412630188115,103.73921380632791
2017-07-06,2451756.96,117.60074458045213,102.5647171620326
2017-07-07,2488191.58,117.84462773377591,102.15723873441993
2017-07-10,2499252.8,118.52342609442842,102.6366251198466
2017-07-11,2504030.91,118.66078664100641,102.08533077660596
2017-07-12,2507710.44,119.27046677118125,102.49280920421859
2017-07-13,2505564.29,119.92448009096537,102.99616490891658
2017-07-14,2518273.56,120.39384220953318,103.13998082454458
2017-07-17,2468536.13,121.3391251282539,104.24256951102589
2017-07-18,2466523.74,120.92154853707608,102.6366251198466
2017-07-19,2487299.24,122.18173447010469,104.31447746883991
2017-07-20,2512038.73,122.84706283328319,104.84180249280921
2017-07-21,2501945.48,123.21154321231198,104.79386385426655
2017-07-24,2482619.06,121.79450826403507,101.36625119846596
2017-07-25,2472862.08,122.7811248411534,102.54074784276128
2017-07-26,2463035.59,122.25985753975097,100.74304889741133
2017-07-27,2462290.25,122.56673287158861,100.64717162032599
2017-07-28,2470243.76,121.67138764915234,98.17833173537872
2017-07-31,2450719.64,122.27373512245626,98.60977948226271
2017-08-01,2364142.46,122.46996407867732,98.39405560882071
2017-08-02,2450177.92,121.69315196100408,96.21284755512944
2017-08-03,2387397.47,120.46268904883102,93.24065196548418
2017-08-04,2302587.13,119.63084361268665,91.10738255033557
2017-08-07,2288434.09,121.06181398864135,93.2646212847555
2017-08-08,2020707.06,120.22997345868382,91.37104506232022
2017-08-09,2010859.8,119.34076359384741,89.38159156279961
2017-08-10,2234903.15,121.51000481364477,93.02492809204219
2017-08-11,2223191.48,122.94843997026405,95.20613614573347
2017-08-14,2295428.27,123.03160693738683,94.82262703739215
2017-08-15,2211589.5,123.25780187435197,94.77468839884948
2017-08-16,2158284.08,123.60569966149882,95.06232023010546
2017-08-17,2204344.0,124.33432249103463,95.99712368168744
2017-08-18,2199884.95,125.73432554780169,98.25023969319273
2017-08-21,2265352.74,125.02823432642677,96.74017257909875
2017-08-22,2149229.0,125.13635569836998,97.05177372962609
2017-08-23,2236006.35,123.58610929720771,94.24736337488015
2017-08-24,2198340.31,122.96192010153536,93.16874400767018
2017-08-25,2195059.84,123.61515255982923,94.82262703739215
2017-08-28,2142928.17,123.76773734469272,95.61361457334611
2017-08-29,2163982.05,122.98808514032464,94.58293384467882
2017-08-30,2366433.17,123.65080205121356,95.68552253116012
2017-08-31,2358805.94,123.38122971726932,95.27804410354747
2017-09-01,2561588.28,124.17517429362204,96.71620325982742
2017-09-05,2455508.51,123.49393252531601,95.42186001917547
2017-09-06,2434604.5,123.02182769880315,94.31927133269416
2017-09-07,2445553.65,121.66209150896637,91.53883029721955
2017-09-08,2200592.32,121.51090944813166,91.2751677852349
2017-09-11,2188344.38,122.05958935613194,92.61744966442953
2017-09-12,2110071.73,124.3014614187191,97.26749760306808
2017-09-13,2105236.15,125.63697761479084,100.16778523489933
2017-09-14,2130489.82,124.76318748684416,98.8255033557047
2017-09-15,2117850.22,124.12021649052849,97.89069990412274
2017-09-18,1965405.12,122.31652463199515,94.89453499520614
2017-09-19,1857097.99,121.72191493553464,94.31927133269416
2017-09-20,1859580.96,122.0329861760068,95.44582933844679
2017-09-21,1822315.82,121.5836994776962,95.20613614573347
2017-09-22,1820007.92,122.92488826454421,98.37008628954938
2017-09-25,1815301.52,122.99037419594828,99.1131351869607
2017-09-26,1876704.49,123.97627953296725,101.55800575263663
2017-09-27,1865225.5,123.90697831857113,102.01342281879195
2017-09-28,1848048.36,123.80139556734268,102.37296260786195
2017-09-29,2036592.63,123.92677584246401,103.02013422818791
2017-10-02,1909776.19,124.74814781216523,105.15340364333652
2017-10-03,2320731.54,124.08958679429395,104.07478427612658
2017-10-04,2413617.33,122.94793569949908,101.9894534995206
2017-10-05,2463104.76,123.8688213663466,103.78715244487056
2017-10-06,2412139.0,126.01047204962892,107.95781399808246
2017-10-09,2442588.73,125.30434080923406,106.68744007670182
2017-10-10,2430167.41,125.98932032363845,108.02972195589646
2017-10-11,2340235.54,125.00533921607934,106.27996164908917
2017-10-12,2340609.8,124.22477708384069,104.93767976989454
2017-10-13,2375864.49,123.67618794150474,104.02684563758389
2017-10-16,2374408.49,123.91237087849325,104.60210930009588
2017-10-17,2306070.69,125.3314628018539,107.4784276126558
2017-10-18,2341378.85,125.32647995929648,107.59827420901247
2017-10-19,2349413.29,125.50692153825511,108.05369127516778
2017-10-20,2391010.13,126.41402984557163,109.85139022051773
2017-10-23,2374613.08,126.26395127687297,109.65963566634709
2017-10-24,2299628.48,127.28086507141265,111.74496644295301
2017-10-25,2085076.58,126.75286478858095,111.01390220517737
2017-10-26,2057947.05,128.6961324526302,115.1006711409396
2017-10-27,2125752.15,129.02666196387298,115.9875359539789
2017-10-30,2111609.58,127.75755557452773,113.75838926174498
2017-10-31,1943187.72,127.76802058242569,114.11792905081495
2017-11-01,1863072.76,127.56074579728036,113.87823585810162
2017-11-02,1838372.12,127.32062791457119,113.59060402684564
2017-11-03,1846683.38,127.08235525855156,113.51869606903165
2017-11-06,1890350.95,125.12327922740909,110.11505273250239
2017-11-07,1918686.82,121.17816535215326,102.97219558964525
2017-11-08,1965496.59,121.0510582601544,102.97219558964525
2017-11-09,1968226.29,123.69656726774596,108.19750719079579
2017-11-10,1977838.32,125.4548403668899,111.76893576222436
2017-11-13,1994574.07,122.51702365237259,106.37583892617451
2017-11-14,1983767.66,123.29033803846933,108.1255992329818
2017-11-15,1964121.21,123.1318014854247,108.00575263662513
2017-11-16,1970674.98,123.14578564381327,108.29338446788111
2017-11-17,2000889.41,123.06897349105031,108.34132310642379
2017-11-20,2148428.5,121.09411104411208,104.6260786193672
2017-11-21,2203154.43,120.0931937916228,102.66059443911793
2017-11-22,2048128.29,120.80108055142105,104.12272291466923
2017-11-24,2026395.44,120.05909620854777,103.04410354745926
2017-11-27,1960035.07,118.8588637252459,101.15052732502399
2017-11-28,2052970.74,120.91192403855695,105.56088207094918
2017-11-29,1992072.08,123.26520493996892,110.49856184084372
2017-11-30,2046726.06,122.77539537586117,109.94726749760306
2017-12-01,2053527.96,122.66101356314209,110.11505273250239
2017-12-04,1991399.91,128.50598289743002,121.45254074784278
2017-12-05,2069110.93,128.51991273167744,121.59635666347074
2017-12-06,2077286.16,126.9549427590784,118.64813039309684
2017-12-07,2094627.79,127.22634806235106,119.17545541706616
2017-12-08,2043319.07,128.1504201730759,121.02109300095879
2017-12-11,2093904.87,129.27076181298122,123.1783317353787
2017-12-12,2063678.78,128.4782809625515,121.57238734419941
2017-12-13,2091030.93,129.95835873286512,124.16107382550334
2017-12-14,1877531.24,128.68389271366522,121.71620325982744
2017-12-15,1813299.68,126.60260193083222,117.76126558005753
2017-12-18,1758182.08,126.11758508902913,116.89837008628956
2017-12-19,1752986.36,127.21810870585674,119.0556088207095
2017-12-20,1758951.41,127.04401824795164,118.83988494726749
2017-12-21,1770330.94,127.1460330907214,119.12751677852349
2017-12-22,1789448.67,127.43040783254747,119.72674976030682
2017-12-26,1827664.45,128.4300344420776,121.83604985618408
2017-12-27,1813292.1,128.09073018287032,121.28475551294345
2017-12-28,1960827.2,128.3830945290237,122.19558964525407
2017-12-29,1948962.43,127.82845857036715,121.59635666347074
2018-01-02,1959577.16,129.0912512435302,124.496644295302
2018-01-03,1915525.46,128.84733580054046,124.52061361457336
2018-01-04,1922919.12,128.27687038118194,123.94534995206136
2018-01-05,1981702.62,127.73059662118135,123.34611697027805
2018-01-08,1944564.54,126.43127993997334,121.2607861936721
2018-01-09,2058736.83,124.33491509174137,117.54554170661552
2018-01-10,2094363.24,125.636870506941,120.30201342281879
2018-01-11,2078394.49,128.5171232732509,126.07861936720998
2018-01-12,2088212.45,129.4366235414645,128.04410354745926
2018-01-16,2089890.07,126.62598384519166,122.93863854266537
