,date,MV_pred,close
0,2012-01-03,2043375.04,
1,2012-01-04,2156917.61,
2,2012-01-05,2334314.07,
3,2012-01-06,2107244.4,
4,2012-01-09,2160598.63,
5,2012-01-10,2157525.93,
6,2012-01-11,2219139.1,
7,2012-01-12,2268645.42,
8,2012-01-13,2099716.94,
9,2012-01-17,2301326.76,
10,2012-01-18,2245994.89,
11,2012-01-19,2347568.55,
12,2012-01-20,2287375.23,
13,2012-01-23,2125687.12,
14,2012-01-24,2422118.71,
15,2012-01-25,2396783.92,
16,2012-01-26,2405247.67,
17,2012-01-27,2384769.4,
18,2012-01-30,2418605.14,
19,2012-01-31,2448721.94,
20,2012-02-01,2388392.37,
21,2012-02-02,2243935.7,
22,2012-02-03,2394881.17,
23,2012-02-06,2454134.07,
24,2012-02-07,2325514.2,
25,2012-02-08,2410502.39,
26,2012-02-09,2374144.98,
27,2012-02-10,2557839.66,
28,2012-02-13,2379259.89,
29,2012-02-14,2485629.53,
30,2012-02-15,2419175.39,
31,2012-02-16,2194190.4,
32,2012-02-17,2307251.03,
33,2012-02-21,2417603.51,
34,2012-02-22,2348333.53,
35,2012-02-23,2430126.3,
36,2012-02-24,2403790.39,
37,2012-02-27,2295293.91,
38,2012-02-28,2529531.37,
39,2012-02-29,2325647.85,
40,2012-03-01,2353065.34,
41,2012-03-02,2214236.88,
42,2012-03-05,2482264.11,
43,2012-03-06,2342825.55,
44,2012-03-07,2400860.81,
45,2012-03-08,2395388.96,
46,2012-03-09,2380498.26,
47,2012-03-12,2545470.81,
48,2012-03-13,2332261.22,
49,2012-03-14,2430193.99,
50,2012-03-15,2429135.17,
51,2012-03-16,2441546.89,
52,2012-03-19,2345504.05,
53,2012-03-20,2328206.2,
54,2012-03-21,2406384.68,
55,2012-03-22,2436586.37,
56,2012-03-23,2254945.9,
57,2012-03-26,2364615.56,
58,2012-03-27,2172802.6,
59,2012-03-28,2520171.68,114.67451021619604
60,2012-03-29,2348272.14,114.92319771770009
61,2012-03-30,2360381.72,115.08915200575873
62,2012-04-02,2294552.13,115.05672041649943
63,2012-04-03,2300723.95,115.21453085773231
64,2012-04-04,2305535.47,115.3327477270154
65,2012-04-05,2293550.51,115.44369536457359
66,2012-04-09,2540601.9,115.70589458050085
67,2012-04-10,2386668.19,115.80215914907788
68,2012-04-11,2391103.3,116.0398266960659
69,2012-04-12,2440286.26,116.15316818362106
70,2012-04-13,2363768.41,116.24922945292187
71,2012-04-16,2461027.21,116.34177133239334
72,2012-04-17,2490128.07,116.5071454773178
73,2012-04-18,2285767.84,116.63771436201947
74,2012-04-19,2477792.32,116.68312421003247
75,2012-04-20,2465929.21,116.73952215350546
76,2012-04-23,2466451.81,116.78944294533426
77,2012-04-24,2273013.25,116.69828970799219
78,2012-04-25,2390155.88,116.675085238717
79,2012-04-26,2555123.85,116.76187132213059
80,2012-04-27,2483539.42,116.83947744609824
81,2012-04-30,2424220.14,116.98652537454248
82,2012-05-01,2388052.54,116.98095564320232
83,2012-05-02,2527928.19,117.04114537714368
84,2012-05-03,2399719.76,117.10167069966761
85,2012-05-04,2310238.18,117.01989079465972
86,2012-05-07,2354453.51,117.00382956457506
87,2012-05-08,2399700.1,116.87484397545221
88,2012-05-09,2325430.62,116.83093845236233
89,2012-05-10,2458085.99,116.80847272820432
90,2012-05-11,2493580.73,116.86916100009395
91,2012-05-14,2582253.25,117.18568214966552
92,2012-05-15,2490086.79,117.33481104705417
93,2012-05-16,2358505.23,117.28660788737707
94,2012-05-17,2433297.9,117.35590856912238
95,2012-05-18,2365877.76,117.30350463058743
96,2012-05-21,2506485.02,117.38726689317564
97,2012-05-22,2194562.7,117.3051060824025
98,2012-05-23,2322442.55,117.1361953212466
99,2012-05-24,2394412.99,117.19228319763893
100,2012-05-25,2471139.78,117.28858991054335
101,2012-05-29,2293305.9,117.35308208521532
102,2012-05-30,2420416.23,117.30263623069416
103,2012-05-31,2388339.33,117.33975927395107
104,2012-06-01,2403771.71,117.34213353217828
105,2012-06-04,2445870.19,117.38330824640663
106,2012-06-05,2462408.35,117.4501177228827
107,2012-06-06,2363693.37,117.30185203789127
108,2012-06-07,2457770.81,117.40422318655716
109,2012-06-08,2419617.29,117.39559636427136
110,2012-06-11,2340911.16,117.32363697659738
111,2012-06-12,2326894.74,117.23012163412425
112,2012-06-13,2364605.83,117.24570188707672
113,2012-06-14,2496537.61,117.38300039787777
114,2012-06-15,2373874.34,117.35648353291693
115,2012-06-18,1879898.91,116.90242472571269
116,2012-06-19,2352404.94,116.98191661053738
117,2012-06-20,2375950.06,116.99116152787441
118,2012-06-21,2328458.94,117.11812169341178
119,2012-06-22,2450007.74,117.06089289414057
120,2012-06-25,2222054.06,116.95794386983091
121,2012-06-26,2349370.31,116.9489624789258
122,2012-06-27,2471883.82,117.09360201443988
123,2012-06-28,2496084.82,117.25294694311239
124,2012-06-29,2479580.97,117.39490611734863
125,2012-07-02,2459536.64,117.53029171450262
126,2012-07-03,2319908.07,117.35028410806734
127,2012-07-05,2505625.75,117.44731113253368
128,2012-07-06,2169695.72,117.26672136016701
129,2012-07-09,2040441.32,116.94059021914391
130,2012-07-10,2034162.94,116.67174948298616
131,2012-07-11,1985542.34,116.28392308410183
132,2012-07-12,1798214.87,115.7195682084219
133,2012-07-13,1824790.24,115.34357457780577
134,2012-07-16,2077614.15,115.01717163972022
135,2012-07-17,1976123.07,114.61766418235857
136,2012-07-18,2020191.7,114.25367478470007
137,2012-07-19,2291662.54,114.26888596688227
138,2012-07-20,2137207.52,114.06257014538727
139,2012-07-23,1925224.17,113.54879622750677
140,2012-07-24,1895870.97,113.06946796054964
141,2012-07-25,2207761.46,112.89291472895752
142,2012-07-26,2267097.86,112.79425876547207
143,2012-07-27,2017384.55,112.37783688989377
144,2012-07-30,2131306.86,112.15890750856329
145,2012-07-31,2258055.65,112.11634513913485
146,2012-08-01,1921119.48,111.76289882154974
147,2012-08-02,2083852.46,111.50527957739311
148,2012-08-03,1906690.46,111.16373666284979
149,2012-08-06,2177489.2,110.93486956429373
150,2012-08-07,2130189.68,110.63847182127344
151,2012-08-08,1930584.14,110.10694179762525
152,2012-08-09,2221598.41,109.88795085148287
153,2012-08-10,2101110.83,109.67800864397374
154,2012-08-13,2139333.25,109.43823813012165
155,2012-08-14,1973622.54,109.11829749895881
156,2012-08-15,2284364.42,108.93712615608091
157,2012-08-16,2071664.64,108.83688508628688
158,2012-08-17,2148372.31,108.69490573301718
159,2012-08-20,2143346.53,108.49012487203535
160,2012-08-21,2015814.7,108.11874168565106
161,2012-08-22,2056158.79,107.92531405949521
162,2012-08-23,2141658.3,107.69794681613297
163,2012-08-24,1947973.36,107.33876493861854
164,2012-08-27,2168340.44,107.14673682712707
165,2012-08-28,1977647.7,106.76483394518392
166,2012-08-29,1877282.23,106.28757931453129
167,2012-08-30,1954454.77,105.95378629074388
168,2012-08-31,1960985.37,105.548586208955
169,2012-09-04,1914502.8,105.13659258720003
170,2012-09-05,1780292.33,104.67932718149815
171,2012-09-06,1832351.98,104.27595632827813
172,2012-09-07,1968990.14,103.95327474979835
173,2012-09-10,1946913.27,103.50497693430451
174,2012-09-11,2015676.88,103.21281531199817
175,2012-09-12,2056281.64,103.35668083394692
176,2012-09-13,2398177.85,103.39401523504313
177,2012-09-14,1975953.38,103.06776032819384
178,2012-09-17,2113853.18,102.89271841975071
179,2012-09-18,1964945.95,102.49708066317584
180,2012-09-19,2047076.81,102.35436151260816
181,2012-09-20,2040846.24,102.10271569465135
182,2012-09-21,1963783.47,101.68828667399215
183,2012-09-24,2079376.77,101.3484012378528
184,2012-09-25,1990797.27,100.9497277275803
185,2012-09-26,1991129.89,100.56767455506693
186,2012-09-27,1961898.61,100.27566627383953
187,2012-09-28,1961477.57,99.83183505559516
188,2012-10-01,1901289.68,99.6129112695828
189,2012-10-02,2013849.65,99.59122193251424
190,2012-10-03,1805344.89,99.40458785448094
191,2012-10-04,2115795.25,99.51082786382025
192,2012-10-05,2282976.56,99.90622084561961
193,2012-10-08,2113991.25,100.14210592491143
194,2012-10-09,1982545.58,100.0645638126878
195,2012-10-10,2180248.88,100.2310578124057
196,2012-10-11,2165669.08,100.34971556991653
197,2012-10-12,2111950.32,100.20313436930311
198,2012-10-15,2269942.84,100.31139914155624
199,2012-10-16,2235126.9,100.56416945532106
200,2012-10-17,2164027.21,100.78288949345301
201,2012-10-18,2181119.64,100.76115925183603
202,2012-10-19,2262584.41,100.75747788325738
203,2012-10-22,2081415.07,100.80970399507939
204,2012-10-23,2171910.41,100.84282203851666
205,2012-10-24,1929300.8,100.57467510548962
206,2012-10-25,1874079.93,100.53630757703043
207,2012-10-26,2041487.14,100.50175255639815
208,2012-10-31,2229718.14,100.76522815736598
209,2012-11-01,2160992.3,100.7517725592525
210,2012-11-02,1884163.63,100.55110287863106
211,2012-11-05,2090843.58,100.681817535235
212,2012-11-06,2166687.33,100.63702964026947
213,2012-11-07,2053549.69,100.59823668003703
214,2012-11-08,2120273.44,100.58269065966479
215,2012-11-09,1945234.02,100.55953573260841
216,2012-11-12,1998758.6,100.32658304860185
217,2012-11-13,2079574.84,100.33303495606307
218,2012-11-14,1864028.57,100.1011116800827
219,2012-11-15,1966572.92,99.95692733919276
220,2012-11-16,2143919.7,100.06141541854863
221,2012-11-19,2044032.38,100.05152458454228
222,2012-11-20,1984580.68,99.92340516044806
223,2012-11-21,2010769.86,99.97462475121556
224,2012-11-23,2071820.63,99.89589894373971
225,2012-11-26,1983417.1,99.90060472044661
226,2012-11-27,1932947.79,99.94600800252513
227,2012-11-28,1924359.62,99.92146107288595
228,2012-11-29,1917338.6,99.88586084520252
229,2012-11-30,2099368.62,100.03664554892482
230,2012-12-03,1933638.3,100.16172127494852
231,2012-12-04,1962891.17,100.26819478686274
232,2012-12-05,2002243.06,100.29531733277254
233,2012-12-06,2064220.02,100.39099788390621
234,2012-12-07,2110890.18,100.46865804429132
235,2012-12-10,1937430.27,100.37171763306527
236,2012-12-11,2003863.84,100.05009776211554
237,2012-12-12,2024554.73,100.08973916343169
238,2012-12-13,1928089.39,99.93822203583348
239,2012-12-14,1949687.08,99.92577622950711
240,2012-12-17,2077951.07,99.95095863557191
241,2012-12-18,2118170.67,100.01402784581342
242,2012-12-19,1957684.13,100.00905295551297
243,2012-12-20,2109633.63,100.03373178294937
244,2012-12-21,2055560.61,100.08655561503454
245,2012-12-24,1956967.28,100.05869108590076
246,2012-12-26,2131161.88,100.19674966275407
247,2012-12-27,2057875.64,100.27537617372487
248,2012-12-28,2010419.17,100.3643869915008
249,2012-12-31,1826625.59,100.21167880338471
250,2013-01-02,2147854.44,100.49104467544704
251,2013-01-03,2391353.74,100.71580231465164
252,2013-01-04,2204669.79,100.65193186464687
253,2013-01-07,2268454.13,100.77791859165187
254,2013-01-08,2189354.87,100.9466013558301
255,2013-01-09,2230984.56,100.98798361068364
256,2013-01-10,2196955.87,101.01350249438305
257,2013-01-11,2134654.48,101.03202100710142
258,2013-01-14,2194142.49,100.9701949036238
259,2013-01-15,2226075.16,100.9628119058686
260,2013-01-16,2306006.05,101.07861610009033
261,2013-01-17,2186117.09,101.08269224038287
262,2013-01-18,2190115.47,101.02358338160643
263,2013-01-22,2173138.56,101.09839709927489
264,2013-01-23,2154891.46,101.08451569419191
265,2013-01-24,2087500.22,101.21355010776682
266,2013-01-25,2109611.87,101.40566033014348
267,2013-01-28,2267457.12,101.58997139686441
268,2013-01-29,2136005.47,101.5135352163905
269,2013-01-30,2177129.48,101.526697411031
270,2013-01-31,2320741.67,101.88278968602847
271,2013-02-01,2157138.91,101.93686307662185
272,2013-02-04,2364781.36,102.09843729095044
273,2013-02-05,2236836.05,102.24793371754214
274,2013-02-06,2298816.93,102.39356165050022
275,2013-02-07,2315336.54,102.6954335640053
276,2013-02-08,2190728.5,102.8520126682178
277,2013-02-11,2287355.94,103.02148808342758
278,2013-02-12,2278692.5,103.35970624527809
279,2013-02-13,2264650.88,103.60283175590388
280,2013-02-14,2286202.49,103.71888386513065
281,2013-02-15,2163439.79,103.81627780706704
282,2013-02-19,1995331.83,103.8250469184551
283,2013-02-20,2225856.13,104.00048075201443
284,2013-02-21,2198667.68,104.103942791954
285,2013-02-22,2056494.46,104.16354790487541
286,2013-02-25,2134653.57,104.32806802155453
287,2013-02-26,1891552.89,104.30130940785759
288,2013-02-27,2066962.07,104.42334889895365
289,2013-02-28,2139195.08,104.45583311356623
290,2013-03-01,2193059.11,104.66742815030831
291,2013-03-04,1926717.55,104.63792335285974
292,2013-03-05,1960013.19,104.60347881121227
293,2013-03-06,1887693.57,104.45949606490254
294,2013-03-07,1902452.41,104.289485040723
295,2013-03-08,1882573.95,104.24474181042494
296,2013-03-11,2079984.71,104.30682934412931
297,2013-03-12,2138524.98,104.39978849893365
298,2013-03-13,2042818.85,104.49336689884727
299,2013-03-14,2141700.7,104.64998166301706
300,2013-03-15,2459651.38,104.96131324477766
301,2013-03-18,2386668.39,105.18031180903536
302,2013-03-19,2301791.32,105.46098078663691
303,2013-03-20,2150992.87,105.49471520411647
304,2013-03-21,2380139.1,105.75945571401327
305,2013-03-22,2365460.82,106.0926410340545
306,2013-03-25,2312210.67,106.2403124000184
307,2013-03-26,2456901.1,106.5657751370661
308,2013-03-27,2553483.74,107.00872251527557
309,2013-03-28,2382756.52,107.46232739210392
310,2013-04-01,2196062.15,107.50164772330135
311,2013-04-02,2298940.21,107.42627117862162
312,2013-04-03,2242024.92,107.45673966765631
313,2013-04-04,2373754.16,107.54262700921844
314,2013-04-05,2397963.43,107.71277733724307
315,2013-04-08,2312565.02,107.77931795297523
316,2013-04-09,2445113.23,107.98172602388914
317,2013-04-10,2528504.37,108.30296733812841
318,2013-04-11,2385827.09,108.45931373909713
319,2013-04-12,2395500.99,108.59750490704509
320,2013-04-15,2273892.97,108.5713120648344
321,2013-04-16,2434147.99,108.77361698940337
322,2013-04-17,2413754.98,108.95602722216547
323,2013-04-18,2594676.52,109.29985214559542
324,2013-04-19,2353056.26,109.46148408305251
325,2013-04-22,2424167.92,109.73608508499748
326,2013-04-23,2578967.16,110.1189119285057
327,2013-04-24,2434555.67,110.25520486439932
328,2013-04-25,2414573.33,110.48241707829945
329,2013-04-26,2630338.7,110.85207447609167
330,2013-04-29,2684444.12,111.14872621066507
331,2013-04-30,2913704.39,111.76581433300343
332,2013-05-01,2900808.47,112.20302164892851
333,2013-05-02,2798589.07,112.66121214994065
334,2013-05-03,2883387.91,113.13801398396261
335,2013-05-06,2785084.86,113.52116140004667
336,2013-05-07,2603768.68,113.85805515989213
337,2013-05-08,2566891.97,114.08605705587955
338,2013-05-09,2945491.58,114.62992774933777
339,2013-05-10,3123105.69,115.33012129612136
340,2013-05-13,3140217.06,116.02669318762624
341,2013-05-14,2767770.62,116.51961202547207
342,2013-05-15,2834416.62,117.2040065309467
343,2013-05-16,2747189.9,117.62922931171761
344,2013-05-17,2795880.3,118.11634222402306
345,2013-05-20,3182016.53,119.03436758889521
346,2013-05-21,3375296.94,120.04629095564044
347,2013-05-22,3459051.01,121.32481145017807
348,2013-05-23,3191829.06,122.2423025029545
349,2013-05-24,3398992.72,123.26984893580773
350,2013-05-28,2697837.52,123.68156843591478
351,2013-05-29,2729688.65,124.33650702548796
352,2013-05-30,2565712.56,124.83054210482416
353,2013-05-31,2639117.38,125.44343645468695
354,2013-06-03,2627949.11,126.03518351188241
355,2013-06-04,2572444.14,126.59787201863837
356,2013-06-05,2732517.47,127.13010647325909
357,2013-06-06,2690134.39,127.5800233992614
358,2013-06-07,2703343.32,128.11877624448883
359,2013-06-10,2631148.08,128.51799108139576
360,2013-06-11,2690997.91,128.70668749906366
361,2013-06-12,2798725.19,129.0427791708761
362,2013-06-13,2881220.66,129.51538725689178
363,2013-06-14,2999047.23,130.20709773865107
364,2013-06-17,2916762.85,130.64479170043435
365,2013-06-18,3068516.76,131.2182350855508
366,2013-06-19,2591962.42,131.44641293226985
367,2013-06-20,2706926.48,131.65034464255766
368,2013-06-21,2892657.77,131.92698991762182
369,2013-06-24,2750655.01,132.2270641272001
370,2013-06-25,2617358.06,132.5706916239909
371,2013-06-26,2911503.38,133.07032512086803
372,2013-06-27,2918082.04,133.62174707944627
373,2013-06-28,2868804.48,134.0255319209537
374,2013-07-01,2948028.6,134.47418929680836
375,2013-07-02,2696187.96,134.78708906026378
376,2013-07-03,2724734.68,135.01516062856481
377,2013-07-05,2813499.85,135.24761549238985
378,2013-07-08,2716948.37,135.5176925899353
379,2013-07-09,2831195.46,135.87306418633105
380,2013-07-10,2792460.58,136.29603076519268
381,2013-07-11,2749273.12,136.55306069837616
382,2013-07-12,2872625.9,136.92733602801252
383,2013-07-15,2684359.45,137.00048537508488
384,2013-07-16,2788189.76,137.35539941964524
385,2013-07-17,2697181.49,137.57808131002724
386,2013-07-18,2820908.84,137.77541959861344
387,2013-07-19,2876924.09,138.13623476252968
388,2013-07-22,2872938.03,138.51009719684166
389,2013-07-23,3130372.15,138.91794649861902
390,2013-07-24,3025616.34,139.1962215854414
391,2013-07-25,3086976.55,139.3375499895181
392,2013-07-26,2912153.41,139.34680342217885
393,2013-07-29,3042051.6,139.54538218299868
394,2013-07-30,3102836.37,139.72437401081964
395,2013-07-31,3059227.12,139.94797651046974
396,2013-08-01,3091898.42,140.3461166221678
397,2013-08-02,3107761.57,140.78727368618544
398,2013-08-05,3195224.47,140.9909668287489
399,2013-08-06,2964100.26,140.86127499792377
400,2013-08-07,3051541.97,140.7889476895376
401,2013-08-08,3089486.09,141.0513529942437
402,2013-08-09,2977164.25,141.16778424744462
403,2013-08-12,2915393.55,141.3049785515635
404,2013-08-13,2991218.07,141.46430463885875
405,2013-08-14,3024954.6,141.33619801221946
406,2013-08-15,3064701.46,141.08286266104804
407,2013-08-16,2845217.48,140.5821930026121
408,2013-08-19,2613577.38,140.11054546795293
409,2013-08-20,2675591.51,139.5205075846805
410,2013-08-21,2643255.71,139.475988256827
411,2013-08-22,2549484.42,139.32900575119098
412,2013-08-23,2554953.85,139.320230473534
413,2013-08-26,2916239.4,139.54626339665973
414,2013-08-27,3025560.76,139.8705729680115
415,2013-08-28,2800874.31,140.05689067403577
416,2013-08-29,2929382.75,140.2174626657539
417,2013-08-30,2871100.32,140.3650664474529
418,2013-09-03,2978810.12,140.58974930025576
419,2013-09-04,2911053.41,140.818052413586
420,2013-09-05,2874541.34,140.9677585177903
421,2013-09-06,2881493.53,141.0352680207611
422,2013-09-09,2814575.91,140.9809096278283
423,2013-09-10,2948200.05,140.93943642866464
424,2013-09-11,2894488.4,140.92126840634538
425,2013-09-12,2840903.33,140.73561686943188
426,2013-09-13,2904301.83,140.99037464670872
427,2013-09-16,2961482.86,141.19800204012802
428,2013-09-17,3070291.12,141.3428876228223
429,2013-09-18,2848749.45,141.42289776786808
430,2013-09-19,2942846.52,141.6883804893692
431,2013-09-20,2919603.6,141.6949873855103
432,2013-09-23,2865826.98,141.65236585741985
433,2013-09-24,2843509.61,141.63173424753847
434,2013-09-25,2852663.43,141.55395021529347
435,2013-09-26,2712744.64,141.56745457260746
436,2013-09-27,2951899.79,141.7527404399863
437,2013-09-30,2860022.54,141.79068639466854
438,2013-10-01,2773916.37,141.83715200416657
439,2013-10-02,2836584.94,141.84154790139092
440,2013-10-03,2931330.08,141.95481598098274
441,2013-10-04,2822021.42,142.01415269807734
442,2013-10-07,2793861.62,141.9499090827692
443,2013-10-08,2577888.05,141.8630663202515
444,2013-10-09,2694956.35,141.78702104533875
445,2013-10-10,2617578.04,141.72209296602412
446,2013-10-11,2683835.67,141.6102900522852
447,2013-10-14,2743045.42,141.50109271342242
448,2013-10-15,2716051.68,141.37312929756314
449,2013-10-16,2699609.9,141.0217806369994
450,2013-10-17,2694803.71,140.75195528798596
451,2013-10-18,2841276.64,140.55155162151075
452,2013-10-21,2750561.05,140.41974977665706
453,2013-10-22,2630733.53,140.08426064556406
454,2013-10-23,2535426.1,139.62145584232377
455,2013-10-24,2570352.03,139.22270779034272
456,2013-10-25,2609223.37,138.82901676401667
457,2013-10-28,2787116.29,138.56748435340253
458,2013-10-29,2796816.82,138.2425255293973
459,2013-10-30,2539718.5,137.89638107745503
460,2013-10-31,2621794.32,137.54585996933125
461,2013-11-01,2656557.27,137.19274415886636
462,2013-11-04,2749536.52,137.00708095824314
463,2013-11-05,2552049.68,136.71072169730851
464,2013-11-06,2496308.05,136.30705129065944
465,2013-11-07,2565526.08,135.93232115790812
466,2013-11-08,2686455.68,135.62380724294255
467,2013-11-11,2524058.93,135.36185618671354
468,2013-11-12,2586030.72,135.33938791774614
469,2013-11-13,2512288.19,135.20619053857095
470,2013-11-14,2479904.95,135.07295446524265
471,2013-11-15,2664166.82,135.16649448094793
472,2013-11-18,2603985.35,135.20648673154653
473,2013-11-19,2421258.05,134.8027581450083
474,2013-11-20,2558349.19,134.42167981393504
475,2013-11-21,2684838.4,134.32703581586932
476,2013-11-22,2588108.47,134.04867748441652
477,2013-11-25,2400900.32,133.66516165823384
478,2013-11-26,2547195.34,133.3131176366593
479,2013-11-27,2372037.32,132.87347237702062
480,2013-11-29,2515572.09,132.580681248803
481,2013-12-02,2470994.17,132.24585989363953
482,2013-12-03,2449154.79,131.9478063361291
483,2013-12-04,2472571.73,131.55986293310767
484,2013-12-05,2440584.84,131.1896392010348
485,2013-12-06,2473857.24,130.8902602464336
486,2013-12-09,2540700.46,130.59369095715948
487,2013-12-10,2492382.89,130.21107236388676
488,2013-12-11,2539833.52,129.77840778558206
489,2013-12-12,2438356.85,129.44367350857598
490,2013-12-13,2532725.93,129.10916109490438
491,2013-12-16,2468674.11,128.74136314529255
492,2013-12-17,2557689.27,128.49003245956587
493,2013-12-18,2464568.8,128.1809516475253
494,2013-12-19,2537980.3,127.92428222900614
495,2013-12-20,2450001.38,127.70997725573342
496,2013-12-23,2411211.09,127.26896774172205
497,2013-12-24,2517645.66,126.98971008115412
498,2013-12-26,2457110.23,126.73130904218804
499,2013-12-27,2371428.92,126.35190730821496
500,2013-12-30,2441025.52,125.95199331755241
501,2013-12-31,2478110.56,125.67148447534463
502,2014-01-02,2457175.4,125.3968683676721
503,2014-01-03,1955856.29,124.88951187182296
504,2014-01-06,2102198.07,124.40603211537714
505,2014-01-07,2293216.37,124.14146845342043
506,2014-01-08,2073876.75,123.64395909752656
507,2014-01-09,2079496.58,123.10273944294309
508,2014-01-10,1903634.37,122.44009610851144
509,2014-01-13,2036182.65,121.8989756280864
510,2014-01-14,1877289.42,121.23217497231121
511,2014-01-15,1979455.73,120.52923588613477
512,2014-01-16,2099978.57,119.99859216576647
513,2014-01-17,2068766.84,119.54022738609294
514,2014-01-21,2486333.94,119.50018565852702
515,2014-01-22,2398241.66,119.35980486153603
516,2014-01-23,2313163.49,119.11832538582836
517,2014-01-24,2381529.69,118.78751109406396
518,2014-01-27,2326943.36,118.40426160828511
519,2014-01-28,2242905.12,118.1621675447956
520,2014-01-29,2356850.31,117.94606754290852
521,2014-01-30,2372999.66,117.71478546917493
522,2014-01-31,2319616.55,117.36412380927067
523,2014-02-03,2309333.85,117.16615408985326
524,2014-02-04,2289687.55,116.99762531111278
525,2014-02-05,2339841.7,116.8135471923288
526,2014-02-06,2366419.64,116.55251170468772
527,2014-02-07,2372161.43,116.42861741458228
528,2014-02-10,2182220.61,116.09925210629311
529,2014-02-11,2377954.13,115.98968333129233
530,2014-02-12,2317977.46,115.85760813965253
531,2014-02-13,2261529.36,115.52919929634331
532,2014-02-14,2095205.87,115.11421634734928
533,2014-02-18,2270957.81,114.99162485283831
534,2014-02-19,2306284.94,114.78603015039282
535,2014-02-20,2304646.29,114.47592872296877
536,2014-02-21,2160053.2,114.12678799450026
537,2014-02-24,2281148.83,114.02911340576364
538,2014-02-25,2174794.92,113.725367223826
539,2014-02-26,2194382.65,113.58046425160086
540,2014-02-27,2251865.42,113.36537347870649
541,2014-02-28,2066093.69,113.03511881662872
542,2014-03-03,2223812.45,112.85131968073115
543,2014-03-04,2203476.38,112.63183366312765
544,2014-03-05,2067989.62,112.32792859373161
545,2014-03-06,2210127.17,112.11281873476676
546,2014-03-07,2075172.69,111.73311378512292
547,2014-03-10,2171405.96,111.47131086616392
548,2014-03-11,2145379.23,111.1495765766687
549,2014-03-12,1851454.16,110.67087289728929
550,2014-03-13,2097002.43,110.31547762274717
551,2014-03-14,2017381.23,109.94738327624873
552,2014-03-17,2074345.9,109.55314713869988
553,2014-03-18,1920937.24,109.1097372984779
554,2014-03-19,1983252.35,108.65727675392053
555,2014-03-20,2108863.71,108.37902984759964
556,2014-03-21,2021043.36,108.06079186520752
557,2014-03-24,1960946.44,107.60672346602941
558,2014-03-25,1800763.5,107.07137816952101
559,2014-03-26,2054771.18,106.81309817213001
560,2014-03-27,2013426.68,106.46432972806929
561,2014-03-28,1845293.02,105.94817587507909
562,2014-03-31,1902420.59,105.49569342232287
563,2014-04-01,1861465.04,105.41870376211835
564,2014-04-02,1886576.91,105.24283364872008
565,2014-04-03,2079610.01,105.0686068949275
566,2014-04-04,2073982.34,105.06869301878136
567,2014-04-07,1992245.82,104.99752745666636
568,2014-04-08,2019733.14,105.09222272611626
569,2014-04-09,2013981.6,105.0741145720693
570,2014-04-10,1990066.89,105.16610084297922
571,2014-04-11,2038867.83,105.21455996806802
572,2014-04-14,2086768.87,105.20378555503287
573,2014-04-15,2194696.04,105.3064989560931
574,2014-04-16,2101994.52,104.9930147999981
575,2014-04-17,2133411.95,104.77700802622445
576,2014-04-21,2287964.53,104.75645464476264
577,2014-04-22,2132274.94,104.55315149423902
578,2014-04-23,2163270.66,104.41965283246945
579,2014-04-24,2053179.24,104.26490404978883
580,2014-04-25,2004112.21,103.97719532191216
581,2014-04-28,2107610.84,103.76073251340101
582,2014-04-29,2118030.52,103.59631007009531
583,2014-04-30,2111604.22,103.43503307645378
584,2014-05-01,2139160.62,103.31225668359609
585,2014-05-02,1940075.81,102.9861900192341
586,2014-05-05,1836074.02,102.55361677674864
587,2014-05-06,1870567.32,102.14449453194851
588,2014-05-07,1838093.83,101.86380957588025
589,2014-05-08,1879487.96,101.45723861668914
590,2014-05-09,1772066.47,101.01196957297995
591,2014-05-12,1775531.14,100.61556802285955
592,2014-05-13,1928748.43,100.47979800451448
593,2014-05-14,1872514.67,100.1548102333024
594,2014-05-15,1781255.04,99.72657272613714
595,2014-05-16,1949313.3,99.43674749170536
596,2014-05-19,1744902.74,99.09813249456154
597,2014-05-20,1842996.33,98.74075602065362
598,2014-05-21,1831394.77,98.46066373601197
599,2014-05-22,1898994.1,98.21973182661563
600,2014-05-23,1831846.78,97.87714612748393
601,2014-05-27,1736626.31,97.60841802361122
602,2014-05-28,1780081.15,97.24649123474985
603,2014-05-29,2063936.84,97.1326766410275
604,2014-05-30,1832663.13,96.94073399271822
605,2014-06-02,1882502.24,96.67350867220145
606,2014-06-03,1968559.12,96.58654994957101
607,2014-06-04,1897784.45,96.36337219655314
608,2014-06-05,2002186.86,96.24657819382323
609,2014-06-06,2120181.97,96.46576442961738
610,2014-06-09,1902328.69,96.30697995443198
611,2014-06-10,2003695.72,96.29581744980761
612,2014-06-11,1954137.7,96.19777034828286
613,2014-06-12,2053360.43,96.30578053356274
614,2014-06-13,2016695.19,96.33305798658805
615,2014-06-16,2061522.76,96.2944446230161
616,2014-06-17,2102453.79,96.36084655479267
617,2014-06-18,1892287.43,96.30484524270199
618,2014-06-19,2021142.68,96.48459620674103
619,2014-06-20,1948049.15,96.39754901935834
620,2014-06-23,1966884.17,96.35958689861127
621,2014-06-24,1934995.51,96.43275219968102
622,2014-06-25,1924691.88,96.45091764456512
623,2014-06-26,2079800.4,96.62900157900853
624,2014-06-27,1885453.63,96.62808538237468
625,2014-06-30,1989041.39,96.55421362753519
626,2014-07-01,2198274.09,96.6555914522671
627,2014-07-02,2149112.27,96.78353863681005
628,2014-07-03,2065543.01,96.82090318410984
629,2014-07-07,2066284.75,96.86356393652203
630,2014-07-08,2130140.38,96.97781404337792
631,2014-07-09,1995242.18,96.94223104209654
632,2014-07-10,2023322.08,96.89048104616823
633,2014-07-11,1988551.78,96.72234070974392
634,2014-07-14,1981146.54,96.62377177547721
635,2014-07-15,1933250.79,96.46051151889046
636,2014-07-16,2128551.89,96.33048754965702
637,2014-07-17,1924861.75,96.16131221804487
638,2014-07-18,2075758.7,96.08993360970742
639,2014-07-21,2392559.56,96.36674714397992
640,2014-07-22,2442976.09,96.72470385074287
641,2014-07-23,2312916.7,96.89216035120661
642,2014-07-24,2217900.24,96.97361849279834
643,2014-07-25,2166649.92,97.0185161897641
644,2014-07-28,2287311.14,97.1393542779759
645,2014-07-29,2249589.25,97.39180706967358
646,2014-07-30,2100166.43,97.60721246909877
647,2014-07-31,2016707.05,97.72641046843749
648,2014-08-01,1963096.5,97.82836815082815
649,2014-08-04,2103914.46,98.01142028729092
650,2014-08-05,2054166.04,98.24151311939286
651,2014-08-06,2055782.88,98.47009877997397
652,2014-08-07,2090631.96,98.60213811590191
653,2014-08-08,2195827.49,98.86584628961045
654,2014-08-11,2459880.34,99.41936296889153
655,2014-08-12,2332040.45,99.73153208657506
656,2014-08-13,2453334.78,100.30936045559862
657,2014-08-14,2437311.57,100.79411013718423
658,2014-08-15,2320753.21,101.19325243071054
659,2014-08-18,2512958.77,101.69402905270549
660,2014-08-19,2451569.39,102.19950210412667
661,2014-08-20,2508599.4,102.82915735168548
662,2014-08-21,2484340.69,103.40358244596479
663,2014-08-22,2420476.47,103.69439186911731
664,2014-08-25,2411857.66,104.1668084337567
665,2014-08-26,2323971.78,104.52689043156101
666,2014-08-27,2456925.0,104.92522314944198
667,2014-08-28,2488878.92,105.40734582918266
668,2014-08-29,2503432.48,105.81618383019234
669,2014-09-02,2368793.24,106.01896213009105
670,2014-09-03,2503895.28,106.50962633206413
671,2014-09-04,2420838.3,106.84986619000686
672,2014-09-05,2579481.5,107.35992413153221
673,2014-09-08,2429381.15,107.6666231895769
674,2014-09-09,2500456.28,108.06120003795286
675,2014-09-10,2445673.51,108.37453030648742
676,2014-09-11,2528369.14,108.72192562196834
677,2014-09-12,2534770.68,109.24596325368312
678,2014-09-15,2474125.25,109.61543578575439
679,2014-09-16,2574778.51,110.12662385103158
680,2014-09-17,2504142.45,110.56483536342563
681,2014-09-18,2449058.73,110.98412796344357
682,2014-09-19,2535172.76,111.48206305289897
683,2014-09-22,2489175.57,111.81596746919253
684,2014-09-23,2367387.39,112.20905386675044
685,2014-09-24,2417483.92,112.55851046152871
686,2014-09-25,2466203.46,112.777045454498
687,2014-09-26,2481817.87,113.04841479320409
688,2014-09-29,2576044.77,113.46480250961012
689,2014-09-30,2407396.09,113.74302794002352
690,2014-10-01,2545703.69,114.081979675808
691,2014-10-02,2503808.83,114.49678903128164
692,2014-10-03,2431762.68,114.82993117112754
693,2014-10-06,2585525.69,115.31684938104493
694,2014-10-07,2524311.98,115.7598790332684
695,2014-10-08,2378010.29,116.1226444673286
696,2014-10-09,2505438.0,116.43004937556641
697,2014-10-10,2537346.45,116.92961886885597
698,2014-10-13,2597202.63,117.354931500974
699,2014-10-14,2568927.56,117.4987850084861
700,2014-10-15,2540123.88,117.57802302410428
701,2014-10-16,2456464.62,117.69510702907154
702,2014-10-17,2492101.05,117.91875728468001
703,2014-10-20,2568236.82,118.24630924498976
704,2014-10-21,2580958.78,118.48582119152569
705,2014-10-22,2565513.85,118.74350320764741
706,2014-10-23,2606788.9,119.15672680429726
707,2014-10-24,2517690.55,119.56535100869196
708,2014-10-27,2389747.81,119.91334660555835
709,2014-10-28,2487596.16,120.22629429625735
710,2014-10-29,2647037.77,120.70986658751916
711,2014-10-30,2584376.48,121.14101080533896
712,2014-10-31,2522554.07,121.49330549879541
713,2014-11-03,2388332.0,121.65032065446648
714,2014-11-04,2393029.32,121.5957940186382
715,2014-11-05,2645749.25,121.85166873070281
716,2014-11-06,2576789.95,121.95236420394627
717,2014-11-07,2711571.84,122.17606295774921
718,2014-11-10,2646520.58,122.44177317052868
719,2014-11-11,2672595.88,122.5719802273791
720,2014-11-12,2634306.08,122.72102831891301
721,2014-11-13,2531572.85,122.7397664764141
722,2014-11-14,2413025.91,122.68159900135937
723,2014-11-17,2390389.94,122.6570591025718
724,2014-11-18,2452536.32,122.69023840903267
725,2014-11-19,2484772.22,122.82139432906062
726,2014-11-20,2548247.7,122.8958811447555
727,2014-11-21,2543827.25,122.94069942246139
728,2014-11-24,2491983.91,122.93136146460907
729,2014-11-25,2630489.3,123.14481229544626
730,2014-11-26,2596548.74,123.22038453759978
731,2014-11-28,2627615.39,123.38904103804002
732,2014-12-01,2485220.51,123.31215762362775
733,2014-12-02,2625696.53,123.47228109269
734,2014-12-03,2603335.33,123.55619377635149
735,2014-12-04,2674097.05,123.74250607465578
736,2014-12-05,2661747.01,123.85129493898486
737,2014-12-08,2540452.29,123.85592911030174
738,2014-12-09,2631493.57,123.98428564211753
739,2014-12-10,2634555.29,124.03304221627371
740,2014-12-11,2635293.13,124.1400144863601
741,2014-12-12,2451202.41,124.14176296616925
742,2014-12-15,2623421.58,124.21374258997179
743,2014-12-16,2425468.68,124.16178044502946
744,2014-12-17,2567151.44,124.32471680121267
745,2014-12-18,2559109.49,124.44023285286546
746,2014-12-19,2477578.46,124.44951080378597
747,2014-12-22,2388516.79,124.37341033424124
748,2014-12-23,2571961.29,124.37007966812915
749,2014-12-24,2361951.04,124.33301268408691
750,2014-12-26,2477573.35,124.27744257852926
751,2014-12-29,2459925.77,124.24164962231633
752,2014-12-30,2474219.07,124.27627892365105
753,2014-12-31,2438885.98,124.15667311860672
754,2015-01-02,2604499.41,124.22207751772606
755,2015-01-05,2419797.18,124.25616074537803
756,2015-01-06,2448044.12,124.20934776939752
757,2015-01-07,2332688.87,124.04242003465009
758,2015-01-08,2364308.43,123.8524612691755
759,2015-01-09,2435087.06,123.7432950634456
760,2015-01-12,2342691.03,123.58226013664135
761,2015-01-13,2283339.63,123.44105177089759
762,2015-01-14,2172203.15,123.1801289563238
763,2015-01-15,2313819.78,122.97261521474456
764,2015-01-16,2231128.74,122.68727842866605
765,2015-01-20,2379599.2,122.53563825300843
766,2015-01-21,2243776.41,122.23954928019477
767,2015-01-22,2358153.2,122.10942359199348
768,2015-01-23,2216323.45,121.96797104689436
769,2015-01-26,2395554.29,121.89289764447742
770,2015-01-27,2209819.73,121.53628335729628
771,2015-01-28,2238105.65,121.25384961963059
772,2015-01-29,2404789.93,121.15779600107085
773,2015-01-30,2374211.7,121.14627886257563
774,2015-02-02,2295449.07,121.06668811353721
775,2015-02-03,2183634.9,120.68976729956206
776,2015-02-04,2256624.07,120.42862590869922
777,2015-02-05,2308990.19,120.10026258648371
778,2015-02-06,2366373.75,119.87176249511852
779,2015-02-09,2395646.57,119.64587044187442
780,2015-02-10,2152185.83,119.25263193486006
781,2015-02-11,2325594.57,119.08462697903299
782,2015-02-12,2187056.39,118.90031628750832
783,2015-02-13,2394248.64,118.90346361315376
784,2015-02-17,2266686.0,118.75187590787704
785,2015-02-18,2378723.33,118.66537776312138
786,2015-02-19,2377555.48,118.52615367172143
787,2015-02-20,2236626.99,118.2755876114972
788,2015-02-23,2314898.64,118.13114906698671
789,2015-02-24,2414412.61,117.95490740326028
790,2015-02-25,2406586.52,117.79996585126794
791,2015-02-26,2090644.8,117.36198899150689
792,2015-02-27,2366005.54,117.264752012109
793,2015-03-02,2270975.93,116.97542626992905
794,2015-03-03,2204675.47,116.65026173234126
795,2015-03-04,2221516.86,116.2811173991176
796,2015-03-05,2269894.72,115.96150541540659
797,2015-03-06,2352806.76,115.80845345779827
798,2015-03-09,2210982.17,115.4654658419109
799,2015-03-10,2236528.31,115.14081750912125
800,2015-03-11,2249905.91,114.82647872120431
801,2015-03-12,2361395.77,114.75322847080812
802,2015-03-13,2250800.03,114.44930192550459
803,2015-03-16,2227969.36,114.2882127828412
804,2015-03-17,2307487.46,114.07641940593864
805,2015-03-18,2165386.86,113.7552818905595
806,2015-03-19,2284719.9,113.59797795611715
807,2015-03-20,2297081.39,113.5233992173393
808,2015-03-23,2224113.38,113.23967914377577
809,2015-03-24,2232286.48,113.13391901860561
810,2015-03-25,2260145.74,112.95657548503677
811,2015-03-26,2343830.46,112.86188303771523
812,2015-03-27,2341701.43,112.75379581485608
813,2015-03-30,2266244.66,112.61298195166367
814,2015-03-31,2320243.55,112.38113035448126
815,2015-04-01,2289102.65,112.27453014042233
816,2015-04-02,2191020.84,112.0648906347282
817,2015-04-06,2289421.87,112.02960016418068
818,2015-04-07,2272694.73,111.95487599607104
819,2015-04-08,2253539.47,111.80679778686151
820,2015-04-09,2310403.6,111.78046273711296
821,2015-04-10,2069484.2,111.60603283086009
822,2015-04-13,2215389.57,111.6412575768111
823,2015-04-14,2264463.33,111.60100028268266
824,2015-04-15,2349576.12,111.69761118187424
825,2015-04-16,2504367.11,111.79937738367079
826,2015-04-17,2469161.54,111.98321142097669
827,2015-04-20,2416117.23,112.03048943640486
828,2015-04-21,2399445.34,112.17985171402181
829,2015-04-22,2396678.21,112.18076843266785
830,2015-04-23,2228457.45,112.19597017784852
831,2015-04-24,2317600.94,112.26081003710412
832,2015-04-27,2430993.41,112.28218274931395
833,2015-04-28,2486645.24,112.37388849577023
834,2015-04-29,2362827.4,112.42884522885564
835,2015-04-30,2482211.89,112.6723777703252
836,2015-05-01,2459957.07,112.83822511929414
837,2015-05-04,2357156.53,112.87751170729774
838,2015-05-05,2326371.53,112.84488413508923
839,2015-05-06,2555962.35,112.97564474507821
840,2015-05-07,2558736.26,113.30724517903477
841,2015-05-08,2567499.17,113.50455322354007
842,2015-05-11,2498408.1,113.75850538920157
843,2015-05-12,2536256.93,113.87433360414019
844,2015-05-13,2487235.2,114.05422324397841
845,2015-05-14,2459280.96,114.11992959452024
846,2015-05-15,2567238.24,114.27464320663002
847,2015-05-18,2534752.77,114.51780772135365
848,2015-05-19,2574347.17,114.72942536774843
849,2015-05-20,2461272.63,114.76764646363365
850,2015-05-21,2496767.24,114.8412018301512
851,2015-05-22,2457097.63,115.14009689577101
852,2015-05-26,2550652.91,115.29070342205345
853,2015-05-27,2570545.77,115.53504577570513
854,2015-05-28,2483614.01,115.76256033253688
855,2015-05-29,2661919.6,116.12177220128255
856,2015-06-01,2603937.02,116.39423181137286
857,2015-06-02,2561607.23,116.56453866964462
858,2015-06-03,2690507.6,116.95566072719895
859,2015-06-04,2518204.71,117.18540840321377
860,2015-06-05,2606398.2,117.47617921377758
861,2015-06-08,2457219.55,117.55433730853437
862,2015-06-09,2449062.3,117.71604874681576
863,2015-06-10,2653707.33,118.06329938335743
864,2015-06-11,2603028.66,118.30435580081601
865,2015-06-12,2513084.65,118.58795342989671
866,2015-06-15,2639989.25,118.87772675674195
867,2015-06-16,2392137.61,118.95525879576172
868,2015-06-17,2746020.21,119.38094898950446
869,2015-06-18,2616558.51,119.69437817934781
870,2015-06-19,2663070.71,120.0230215284741
871,2015-06-22,2651105.09,120.27364824814535
872,2015-06-23,2647968.13,120.52345285572243
873,2015-06-24,2563179.12,120.76564567739196
874,2015-06-25,2538363.44,120.94355386501474
875,2015-06-26,2674924.95,121.25824752333929
876,2015-06-29,2588470.52,121.58242498482642
877,2015-06-30,2616572.88,121.84926375532119
878,2015-07-01,2733925.42,122.22546381728665
879,2015-07-02,2640186.57,122.54083021881289
880,2015-07-06,2619610.26,122.7930327872329
881,2015-07-07,2677578.75,123.28902148085356
882,2015-07-08,2553990.88,123.56519962026486
883,2015-07-09,2663242.88,123.89046178228742
884,2015-07-10,2702059.64,124.17796286350514
885,2015-07-13,2669630.34,124.31275883158483
886,2015-07-14,2548546.97,124.37750908418653
887,2015-07-15,2679634.16,124.59244509678133
888,2015-07-16,2532922.71,124.70131511769209
889,2015-07-17,2654827.71,124.91187321801354
890,2015-07-20,2749264.28,125.3366662033156
891,2015-07-21,2682717.65,125.63447147062473
892,2015-07-22,2747853.78,125.89291674196693
893,2015-07-23,2580902.27,125.96979692642881
894,2015-07-24,2444517.04,126.03642659417693
895,2015-07-27,2643316.6,126.16783069021601
896,2015-07-28,2721463.5,126.38112685047447
897,2015-07-29,2714940.91,126.67295154654202
898,2015-07-30,2848051.97,127.09845708663123
899,2015-07-31,2811642.62,127.30700117422728
900,2015-08-03,2754338.49,127.46654296674457
901,2015-08-04,2905518.65,127.74224653998583
902,2015-08-05,2759472.0,127.95518175328861
903,2015-08-06,2788462.52,128.1608917388623
904,2015-08-07,2861862.38,128.46645416431568
905,2015-08-10,2680991.28,128.6472908647581
906,2015-08-11,2404388.33,128.5144633067457
907,2015-08-12,2700002.12,128.64924795368614
908,2015-08-13,2584378.77,128.65743016840742
909,2015-08-14,2717228.47,128.86619902303073
910,2015-08-17,2660230.5,128.9995268563132
911,2015-08-18,2855269.64,129.32429348195754
912,2015-08-19,2511200.01,129.2921139593314
913,2015-08-20,2481940.61,129.21984368893274
914,2015-08-21,2505165.13,129.23742173145075
915,2015-08-24,2630298.68,129.21163031660927
916,2015-08-25,2602679.35,129.21060450557331
917,2015-08-26,2741548.68,129.3573726762693
918,2015-08-27,2730593.64,129.390068615761
919,2015-08-28,2879634.56,129.684866717696
920,2015-08-31,2493969.51,129.5931649271133
921,2015-09-01,2467499.19,129.60154945418148
922,2015-09-02,2535260.48,129.67185648569605
923,2015-09-03,2620785.86,129.6450042850023
924,2015-09-04,2409396.94,129.4870697272163
925,2015-09-08,2524719.49,129.49655961508338
926,2015-09-09,2574266.17,129.44295297679017
927,2015-09-10,2542947.24,129.56595995221713
928,2015-09-11,2611347.59,129.45611503277118
929,2015-09-14,2549721.51,129.40159983227232
930,2015-09-15,2554962.95,129.31342238247828
931,2015-09-16,2549950.72,129.23091642377443
932,2015-09-17,2362867.52,128.99837581129182
933,2015-09-18,2227782.87,128.72481185995764
934,2015-09-21,2344132.31,128.56638839697945
935,2015-09-22,2472178.26,128.4010192682658
936,2015-09-23,2414193.41,128.25887118271416
937,2015-09-24,2345031.24,128.03738986325945
938,2015-09-25,2530843.68,127.87174745301124
939,2015-09-28,2389417.28,127.66720897696787
940,2015-09-29,2353300.39,127.44999491951646
941,2015-09-30,2370631.42,127.1996351601385
942,2015-10-01,2424700.61,127.09418032237492
943,2015-10-02,2541758.14,126.99509201861125
944,2015-10-05,2420630.59,126.76554609214897
945,2015-10-06,2405492.62,126.55010373589246
946,2015-10-07,2477702.58,126.49231993163629
947,2015-10-08,2341935.2,126.21687778862176
948,2015-10-09,2328587.8,126.05021323773572
949,2015-10-12,2449149.85,125.88245331769023
950,2015-10-13,2341422.92,125.54979994437704
951,2015-10-14,2484162.56,125.38784966920875
952,2015-10-15,2371805.68,125.08112827883035
953,2015-10-16,2449658.31,124.97407992546819
954,2015-10-19,2493736.87,125.0142257863083
955,2015-10-20,2460060.5,124.86475404110517
956,2015-10-21,2362707.69,124.57213700395079
957,2015-10-22,2425361.46,124.33594325232961
958,2015-10-23,2391366.39,123.96345038223303
959,2015-10-26,2459811.98,123.67648181869414
960,2015-10-27,2233072.95,123.25131468931588
961,2015-10-28,2324123.72,122.77710338153754
962,2015-10-29,2328988.95,122.42598244878896
963,2015-10-30,2254974.92,121.99084646905222
964,2015-11-02,2323927.64,121.5520832060929
965,2015-11-03,2390209.25,121.31490857726574
966,2015-11-04,2321807.09,121.24755168129427
967,2015-11-05,2443335.74,121.03820327895693
968,2015-11-06,2355392.95,120.85143236032354
969,2015-11-09,2448890.1,120.63256376894314
970,2015-11-10,2218090.88,120.27193522438255
971,2015-11-11,2275970.44,119.79943328628181
972,2015-11-12,2299037.65,119.6263843224786
973,2015-11-13,2379731.61,119.54301816110407
974,2015-11-16,2452364.57,119.49995169919147
975,2015-11-17,2425122.5,119.33260097144644
976,2015-11-18,2433261.51,119.19441632049433
977,2015-11-19,2495599.25,118.99380913451897
978,2015-11-20,2517200.46,118.81975625972218
979,2015-11-23,2418801.77,118.44388074251903
980,2015-11-24,2531203.17,118.47425015527256
981,2015-11-25,2418169.33,118.43401454911904
982,2015-11-27,2543161.62,118.44045906684529
983,2015-11-30,2546268.19,118.37967917366099
984,2015-12-01,2371569.44,118.34882539885255
985,2015-12-02,2478288.46,118.31095420610274
986,2015-12-03,2704560.8,118.41722824411129
987,2015-12-04,2566386.89,118.43634665486242
988,2015-12-07,2754864.84,118.55340564402705
989,2015-12-08,2476724.05,118.4938657010642
990,2015-12-09,2542675.75,118.48384371965315
991,2015-12-10,2434786.45,118.3899106695558
992,2015-12-11,2582271.2,118.56886597283679
993,2015-12-14,2514645.44,118.80284371748681
994,2015-12-15,2657506.53,119.05844553136951
995,2015-12-16,2448618.73,119.03922934121123
996,2015-12-17,2618976.86,119.20625974107361
997,2015-12-18,2628572.55,119.4375285198094
998,2015-12-21,2390087.77,119.3227218011498
999,2015-12-22,2419453.95,119.3472210319257
1000,2015-12-23,2415406.81,119.39787776305617
1001,2015-12-24,2455957.62,119.46747356928337
1002,2015-12-28,2513971.64,119.54028695257692
1003,2015-12-29,2611459.81,119.59713870407919
1004,2015-12-30,2413281.46,119.59114443001778
1005,2015-12-31,2506537.31,119.67356092888363
1006,2016-01-04,2525439.0,119.71249685520284
1007,2016-01-05,2532014.89,119.8675342209002
1008,2016-01-06,2318821.88,119.8595687064867
1009,2016-01-07,2531302.97,119.92657640893307
1010,2016-01-08,2453738.78,120.01818617039909
1011,2016-01-11,2221102.19,119.80362254824581
1012,2016-01-12,2336405.26,119.77474840676662
1013,2016-01-13,2270496.55,119.62861618556981
1014,2016-01-14,2223914.68,119.40853732525447
1015,2016-01-15,2307305.42,119.28394355513579
1016,2016-01-19,2285924.66,119.22131593457591
1017,2016-01-20,2302059.58,119.1207454914069
1018,2016-01-21,2334325.73,119.07422061721313
1019,2016-01-22,2375094.82,119.00512157083021
1020,2016-01-25,2265193.64,119.03132062009203
1021,2016-01-26,2269555.02,118.98681198533191
1022,2016-01-27,2420457.7,119.06141792583838
1023,2016-01-28,2318208.44,119.11299396936292
1024,2016-01-29,2186404.65,119.00082416262332
1025,2016-02-01,2285325.18,118.91527609635482
1026,2016-02-02,2177627.4,118.79767679195432
1027,2016-02-03,2243807.33,118.63493263413197
1028,2016-02-04,2192360.01,118.5019557887915
1029,2016-02-05,2290433.34,118.37271147738012
1030,2016-02-08,2243652.38,118.39356056243109
1031,2016-02-09,2188412.87,118.32214475256912
1032,2016-02-10,2440743.58,118.43772634937673
1033,2016-02-11,2299179.16,118.37202422387101
1034,2016-02-12,2273628.39,118.22623912446345
1035,2016-02-16,2146798.14,117.99922551988632
1036,2016-02-17,2325931.59,117.91168251065
1037,2016-02-18,2353567.28,117.79583498126058
1038,2016-02-19,2320143.22,117.63510641851308
1039,2016-02-22,2435801.81,117.6489723997673
1040,2016-02-23,2354367.92,117.50473778257894
1041,2016-02-24,2379991.29,117.47359809190979
1042,2016-02-25,2348951.78,117.31519199399317
1043,2016-02-26,2330525.19,117.13922250252543
1044,2016-02-29,2302109.56,117.08256796559486
1045,2016-03-01,2355054.99,116.98205332063439
1046,2016-03-02,2557104.1,116.86178114256832
1047,2016-03-03,2477956.78,116.78965365065832
1048,2016-03-04,2367018.33,116.4733089575177
1049,2016-03-07,2536147.22,116.52177711178598
1050,2016-03-08,2487311.93,116.47661994213918
1051,2016-03-09,2580773.84,116.5956936862653
1052,2016-03-10,2544884.18,116.56519918634227
1053,2016-03-11,2505648.9,116.55786121213792
1054,2016-03-14,2568664.07,116.4853973894093
1055,2016-03-15,2565948.64,116.58109683085887
1056,2016-03-16,2495103.15,116.48005997796018
1057,2016-03-17,2273782.28,116.19067740986017
1058,2016-03-18,2293810.52,116.11214944500193
1059,2016-03-21,2424096.1,116.11593578696814
1060,2016-03-22,2509443.65,116.19263637476952
1061,2016-03-23,2483860.5,116.21539519245577
1062,2016-03-24,2442816.95,116.15735829385491
1063,2016-03-28,2280522.42,115.88743118509142
1064,2016-03-29,2353298.38,115.83850634357039
1065,2016-03-30,2322186.6,115.68814178624795
1066,2016-03-31,2194949.17,115.41857972712965
1067,2016-04-01,2114440.35,115.07798754358872
1068,2016-04-04,2363913.44,115.11476620562033
1069,2016-04-05,2185879.61,114.83302370180664
1070,2016-04-06,1976769.64,114.44398666694754
1071,2016-04-07,1853220.07,114.14392580946215
1072,2016-04-08,1897176.64,113.78567160469315
1073,2016-04-11,1770713.54,113.3780265728084
1074,2016-04-12,1885103.54,113.10167728680882
1075,2016-04-13,1843470.04,112.7233527249767
1076,2016-04-14,1947328.78,112.44717901451254
1077,2016-04-15,1799222.29,112.03704277735854
1078,2016-04-18,1914428.86,111.69455639920122
1079,2016-04-19,2053117.78,111.4319377464844
1080,2016-04-20,1891986.42,111.12753350293772
1081,2016-04-21,2082310.16,110.97480834942569
1082,2016-04-22,2162536.85,110.76443674611329
1083,2016-04-25,2413822.65,110.84242390634927
1084,2016-04-26,2177211.45,110.83492552758861
1085,2016-04-27,1937261.67,110.55102960117071
1086,2016-04-28,2014580.52,110.41804138575236
1087,2016-04-29,2007752.46,110.22550463863945
1088,2016-05-02,2104315.91,110.15369199348417
1089,2016-05-03,2263588.3,110.13179599668598
1090,2016-05-04,2301182.69,110.17872025098245
1091,2016-05-05,2215792.73,110.20105247052449
1092,2016-05-06,2035281.51,109.87033975091201
1093,2016-05-09,2347582.15,109.90981936107696
1094,2016-05-10,2271103.06,109.90775959072108
1095,2016-05-11,2320896.81,110.04976213275077
1096,2016-05-12,2219194.64,109.96270277595904
1097,2016-05-13,2228133.32,109.86039331445166
1098,2016-05-16,2093038.85,109.67515698929164
1099,2016-05-17,2068944.46,109.37593197934599
1100,2016-05-18,2129896.08,109.1928428615826
1101,2016-05-19,2008870.11,108.8901400841228
1102,2016-05-20,2226029.45,108.789879218648
1103,2016-05-23,1915683.15,108.45151578243807
1104,2016-05-24,1852708.32,108.08496434082574
1105,2016-05-25,2177497.18,107.94014037188202
1106,2016-05-26,2163607.16,107.61918693920559
1107,2016-05-27,2301277.64,107.47507965220784
1108,2016-05-31,2334092.8,107.44822413999931
1109,2016-06-01,2600491.72,107.50070634773603
1110,2016-06-02,2443061.03,107.46461336502053
1111,2016-06-03,2449733.41,107.35773101968921
1112,2016-06-06,2282041.9,107.14334528134395
1113,2016-06-07,2318301.77,106.99053671191626
1114,2016-06-08,2212829.53,106.70030239121776
1115,2016-06-09,2166339.69,106.37436373403094
1116,2016-06-10,2250118.13,106.17454316332126
1117,2016-06-13,2332916.33,106.22277549858558
1118,2016-06-14,2295436.4,106.2241016379124
1119,2016-06-15,2181670.8,106.02636888755706
1120,2016-06-16,2191629.2,105.76714542655208
1121,2016-06-17,2122900.13,105.47273025317956
1122,2016-06-20,2204227.27,105.27812600340529
1123,2016-06-21,2027206.75,105.07151058769907
1124,2016-06-22,2292764.94,105.02213684832586
1125,2016-06-23,2337323.06,105.03448281166567
1126,2016-06-24,2278174.86,105.10236534943677
1127,2016-06-27,2413150.8,105.3460067467595
1128,2016-06-28,2428548.33,105.39872580936813
1129,2016-06-29,2545406.6,105.69197185489094
1130,2016-06-30,2508860.64,106.12596870616565
1131,2016-07-01,2258704.46,106.45669963095303
1132,2016-07-05,2244184.28,106.7397343433016
1133,2016-07-06,2288577.88,107.16212730418133
1134,2016-07-07,2290970.36,107.49317015571776
1135,2016-07-08,2449869.24,107.98777604722035
1136,2016-07-11,2225840.07,108.2149421201373
1137,2016-07-12,2343128.08,108.65857563442354
1138,2016-07-13,2364943.9,109.02603554036425
1139,2016-07-14,2234132.72,109.17367929677748
1140,2016-07-15,2375555.26,109.56809933758736
1141,2016-07-18,2346146.33,109.78329573638452
1142,2016-07-19,2295921.88,109.89209044072489
1143,2016-07-20,2168283.52,109.69181791349791
1144,2016-07-21,2261350.38,109.76044533002934
1145,2016-07-22,2200982.38,109.97554755456599
1146,2016-07-25,2059769.57,110.01240573373477
1147,2016-07-26,2214394.93,110.18095243217475
1148,2016-07-27,2340153.19,110.37331170330167
1149,2016-07-28,2421043.36,110.50173898408121
1150,2016-07-29,2514810.31,110.67598307846603
1151,2016-08-01,2321182.44,110.7619435669854
1152,2016-08-02,2687293.02,111.29375286715185
1153,2016-08-03,2678833.81,111.56393630836683
1154,2016-08-04,2842566.92,112.03004739811894
1155,2016-08-05,2730036.69,112.363759901527
1156,2016-08-08,2683302.99,112.74230710971189
1157,2016-08-09,2714819.48,113.13926977399109
1158,2016-08-10,2672038.53,113.61152741038987
1159,2016-08-11,2647277.75,114.08324150975885
1160,2016-08-12,2728173.72,114.57122309927655
1161,2016-08-15,2528345.53,114.99493012795136
1162,2016-08-16,2737649.43,115.4122299138324
1163,2016-08-17,2719171.31,116.06759024031136
1164,2016-08-18,2796381.16,116.83729136510668
1165,2016-08-19,2699378.48,117.26296073545716
1166,2016-08-22,2797417.66,117.7799244903503
1167,2016-08-23,2786568.61,118.17574917622555
1168,2016-08-24,2769711.87,118.5310592730609
1169,2016-08-25,2644087.45,118.56661787027271
1170,2016-08-26,2839016.26,118.88957639252878
1171,2016-08-29,2792722.5,119.1693333985326
1172,2016-08-30,2771727.89,119.56874285626321
1173,2016-08-31,2698011.04,119.87845045812044
1174,2016-09-01,3230735.92,120.70869973531627
1175,2016-09-02,2792105.49,121.21910187862522
1176,2016-09-06,2866920.29,121.72219288241864
1177,2016-09-07,2890837.84,122.17725823514671
1178,2016-09-08,2801592.86,122.59010173351889
1179,2016-09-09,2946224.74,123.21370559562082
1180,2016-09-12,2721460.48,123.6458593197523
1181,2016-09-13,2802768.5,124.20038990166641
1182,2016-09-14,2701750.95,124.60619212450914
1183,2016-09-15,2903142.63,125.32064400179806
1184,2016-09-16,2892877.53,125.8101222573414
1185,2016-09-19,2976309.06,126.3313073779479
1186,2016-09-20,2904879.43,126.84247522340942
1187,2016-09-21,2866289.99,127.21207550164975
1188,2016-09-22,2875773.13,127.57685174295428
1189,2016-09-23,2810112.9,127.79275785809732
1190,2016-09-26,2739642.04,127.98099333085061
1191,2016-09-27,2853324.94,128.46599197962206
1192,2016-09-28,2905158.83,129.00511192991763
1193,2016-09-29,2768678.09,129.39670280335156
1194,2016-09-30,2903192.21,129.896057904606
1195,2016-10-03,3106752.02,130.43184042710044
1196,2016-10-04,2855343.4,130.9452910644669
1197,2016-10-05,2972461.57,131.4586031728501
1198,2016-10-06,3175156.98,132.11944864022615
1199,2016-10-07,2994766.18,132.73985478619403
1200,2016-10-10,3042275.95,133.28366154131618
1201,2016-10-11,3167559.49,133.95364228715778
1202,2016-10-12,2852808.35,134.40786341568185
1203,2016-10-13,3302158.46,135.3327017491611
1204,2016-10-14,3213460.04,136.10928431588036
1205,2016-10-17,3163489.76,136.89434772091573
1206,2016-10-18,2991421.88,137.65424437209532
1207,2016-10-19,3070300.59,138.35235871988206
1208,2016-10-20,2732657.75,138.67250272372905
1209,2016-10-21,2852775.21,139.024642232751
1210,2016-10-24,2928656.3,139.36219324671794
1211,2016-10-25,2744514.11,139.70748119901342
1212,2016-10-26,2850322.55,139.84045526300773
1213,2016-10-27,2728966.35,139.8813455703168
1214,2016-10-28,2921721.61,139.94590762121342
1215,2016-10-31,3099437.06,140.24720683025797
1216,2016-11-01,2687555.43,140.2506753075865
1217,2016-11-02,2431100.61,140.0192617030955
1218,2016-11-03,2511392.02,139.8882313351542
1219,2016-11-04,2530110.72,139.79266474580535
1220,2016-11-07,2568293.94,139.6622597566165
1221,2016-11-08,2582238.25,139.7062170323205
1222,2016-11-09,2495923.25,139.50905451502425
1223,2016-11-10,2566848.73,139.38481351095157
1224,2016-11-11,2569407.59,139.19968387203158
1225,2016-11-14,2490223.75,139.0290880637033
1226,2016-11-15,2461567.44,138.75515383444568
1227,2016-11-16,2452140.74,138.48237973648403
1228,2016-11-17,2398806.48,138.17985296685097
1229,2016-11-18,2429252.51,138.00462412910744
1230,2016-11-21,2279779.72,137.54848618000142
1231,2016-11-22,2344008.33,137.18249514293757
1232,2016-11-23,2349620.31,136.83820561235132
1233,2016-11-25,2417584.12,136.6094770672478
1234,2016-11-28,2090577.03,135.67951326742246
1235,2016-11-29,2468562.79,135.4156175934627
1236,2016-11-30,2262144.86,134.922336120278
1237,2016-12-01,2270164.93,134.4160879623285
1238,2016-12-02,2361752.16,134.05733451815735
1239,2016-12-05,2300293.04,133.53048417876332
1240,2016-12-06,2385513.88,133.25647133773342
1241,2016-12-07,2420394.15,132.94458997926614
1242,2016-12-08,2250279.39,132.5763498934912
1243,2016-12-09,2457867.06,132.21316353001285
1244,2016-12-12,2659790.96,132.02304785909487
1245,2016-12-13,2642581.55,131.75084500559097
1246,2016-12-14,2795698.06,131.66179187220237
1247,2016-12-15,2681761.46,131.5112822770573
1248,2016-12-16,2730121.76,131.39248260564045
1249,2016-12-19,2602279.89,131.2229648503487
1250,2016-12-20,2514892.71,131.0396493995215
1251,2016-12-21,2846860.37,131.03437661154942
1252,2016-12-22,2954887.04,131.07493712950503
1253,2016-12-23,2994292.72,131.25895835711742
1254,2016-12-27,2758786.36,131.14117458666152
1255,2016-12-28,2868533.46,130.94687303870225
1256,2016-12-29,2836639.26,130.93161711844462
1257,2016-12-30,2903449.91,130.8753281694843
1258,2017-01-03,3076844.95,130.7951405484525
1259,2017-01-04,3085447.09,130.86910389196092
1260,2017-01-05,3200613.69,130.99825112541902
1261,2017-01-06,3142614.8,130.9779051377665
1262,2017-01-09,3119684.84,131.19558135544213
1263,2017-01-10,3198980.85,131.11142515309695
1264,2017-01-11,3133719.05,131.04638489010148
1265,2017-01-12,3056316.63,130.9589697656937
1266,2017-01-13,3133417.52,131.07478766273525
1267,2017-01-17,2822752.17,130.87287627010124
1268,2017-01-18,2983776.37,131.07769967507605
1269,2017-01-19,2854695.99,131.07926634782936
1270,2017-01-20,2944698.54,131.092351105225
1271,2017-01-23,2868058.44,131.19311930129078
1272,2017-01-24,2898963.92,131.23279334468128
1273,2017-01-25,2867475.95,131.34576787398422
1274,2017-01-26,2987270.89,131.3992327533438
1275,2017-01-27,2932003.81,131.262666821391
1276,2017-01-30,3059808.94,131.56629317706316
1277,2017-01-31,2903928.79,131.95195266259094
1278,2017-02-01,3004634.84,132.35426322750155
1279,2017-02-02,2916074.98,132.6690726746536
1280,2017-02-03,3021242.44,133.03851741773252
1281,2017-02-06,2945153.02,133.33452668581086
1282,2017-02-07,2824056.62,133.6021667123818
1283,2017-02-08,2847515.37,133.83109078367383
1284,2017-02-09,2948592.43,134.14037063732877
1285,2017-02-10,2877172.0,134.45598267005673
1286,2017-02-13,2675650.39,134.63059815164092
1287,2017-02-14,2743704.75,134.86841059779212
1288,2017-02-15,2765671.62,135.1676419616048
1289,2017-02-16,2631054.38,135.33224045351943
1290,2017-02-17,2377020.61,135.41155440559749
1291,2017-02-21,2525255.86,135.5593878726573
1292,2017-02-22,2465411.23,135.6538320460904
1293,2017-02-23,2106849.41,135.4003831327997
1294,2017-02-24,2351025.26,135.61281617853825
1295,2017-02-27,2107677.68,135.31846239053598
1296,2017-02-28,2326595.66,135.3710313012338
1297,2017-03-01,2067225.24,135.20550475322105
1298,2017-03-02,2240353.71,135.1064868313813
1299,2017-03-03,2360701.84,135.15575890888172
1300,2017-03-06,2288839.77,135.07690724753098
1301,2017-03-07,2120652.3,134.83242459494852
1302,2017-03-08,2349547.95,134.913392403971
1303,2017-03-09,2177149.06,134.68442644120123
1304,2017-03-10,2216103.97,134.32253579352712
1305,2017-03-13,2459156.65,134.17292636761053
1306,2017-03-14,2168300.37,133.66119318295412
1307,2017-03-15,2345708.85,133.38709387549983
1308,2017-03-16,2526651.62,133.22113466910767
1309,2017-03-17,2456096.45,133.1019010179681
1310,2017-03-20,2314593.07,132.9385278109951
1311,2017-03-21,2477721.65,132.63744201521283
1312,2017-03-22,2354518.57,132.14775505267332
1313,2017-03-23,2270129.73,131.55709582808643
1314,2017-03-24,2369430.45,131.2395200018364
1315,2017-03-27,2388633.44,130.84809241218224
1316,2017-03-28,2318025.93,130.42508854207526
1317,2017-03-29,2258150.03,129.89875354289663
1318,2017-03-30,2382403.88,129.33233682512497
1319,2017-03-31,2283886.41,128.6785486362144
1320,2017-04-03,2404789.82,128.02943964217155
1321,2017-04-04,2465043.01,127.47678225203984
1322,2017-04-05,2564350.73,127.02382729669301
1323,2017-04-06,2444920.6,126.40878255026539
1324,2017-04-07,2376839.51,125.79143826676076
1325,2017-04-10,2485569.61,125.32591186328013
1326,2017-04-11,2365563.96,124.69961668580093
1327,2017-04-12,2363692.04,124.32518702815635
1328,2017-04-13,2332271.27,123.79379077828666
1329,2017-04-17,2388112.55,123.41322477770231
1330,2017-04-18,2317850.9,122.90194023804841
1331,2017-04-19,2253952.57,122.40104844711544
1332,2017-04-20,2080627.78,121.73357745428846
1333,2017-04-21,2124935.52,121.1279287803508
1334,2017-04-24,2090743.35,120.39668143837159
1335,2017-04-25,2290979.35,119.87383366002152
1336,2017-04-26,2321684.2,119.27178661730144
1337,2017-04-27,2429524.73,118.8848417746487
1338,2017-04-28,2329314.34,118.33402063578097
1339,2017-05-01,2277723.49,117.8133530494724
1340,2017-05-02,2565763.39,117.44184427837573
1341,2017-05-03,2345951.89,116.95310944974632
1342,2017-05-04,2272978.44,116.50362581832577
1343,2017-05-05,2318228.14,116.0719158453326
1344,2017-05-08,2407209.77,115.63034030698535
1345,2017-05-09,2445660.3,115.27838036199812
1346,2017-05-10,2512349.28,115.14518478539624
1347,2017-05-11,2363714.91,114.83524833829156
1348,2017-05-12,2365781.69,114.50908050144322
1349,2017-05-15,2194580.99,114.15307358359424
1350,2017-05-16,2342866.28,114.12521580799307
1351,2017-05-17,2483741.31,114.09135471283814
1352,2017-05-18,2412306.04,114.04803978128254
1353,2017-05-19,2365875.71,114.2593130382956
1354,2017-05-22,2291843.95,114.21104215569409
1355,2017-05-23,2300652.07,114.36844056618527
1356,2017-05-24,2273097.22,114.32480488261216
1357,2017-05-25,2349413.06,114.55496969530034
1358,2017-05-26,2272033.09,114.58080879269222
1359,2017-05-30,2387034.59,114.6022869432067
1360,2017-05-31,2168371.32,114.50402757032134
1361,2017-06-01,2573936.77,114.87374634532736
1362,2017-06-02,2596782.0,115.07540132394547
1363,2017-06-05,2630534.76,115.44520266659735
1364,2017-06-06,2332115.33,115.53982664060196
1365,2017-06-07,2546474.41,115.61104685086744
1366,2017-06-08,2555176.34,115.92659992884441
1367,2017-06-09,2507613.06,116.05865613229106
1368,2017-06-12,2543686.28,116.07255035114184
1369,2017-06-13,2535830.4,116.1375848720033
1370,2017-06-14,2564854.83,116.3417093842286
1371,2017-06-15,2532672.43,116.38652966026238
1372,2017-06-16,2655984.22,116.63241832003578
1373,2017-06-19,2614720.62,116.913481824658
1374,2017-06-20,2526652.14,117.04171875858864
1375,2017-06-21,2574914.86,117.19365808800971
1376,2017-06-22,2498071.71,117.34051135484809
1377,2017-06-23,2617369.97,117.63350695686934
1378,2017-06-26,2518392.89,117.74442558196913
1379,2017-06-27,2615860.35,118.01519814655913
1380,2017-06-28,2670887.35,118.23223901015572
1381,2017-06-29,2633062.26,118.36928290951417
1382,2017-06-30,2631950.93,118.42442060954207
1383,2017-07-03,2741279.16,118.6661437018107
1384,2017-07-05,2618846.99,118.86353565977453
1385,2017-07-06,2629091.77,118.9805986537514
1386,2017-07-07,2792062.47,119.32846962020893
1387,2017-07-10,2856540.3,119.73045836460832
1388,2017-07-11,2762372.47,120.08126784368142
1389,2017-07-12,2643336.47,120.28943971212121
1390,2017-07-13,2588910.55,120.51052789930652
1391,2017-07-14,2905042.85,121.0415858037168
1392,2017-07-17,2713650.34,121.55790688004747
1393,2017-07-18,2811247.16,122.11769287671567
1394,2017-07-19,2668538.3,122.58896788227379
1395,2017-07-20,2554978.26,122.80429701898152
1396,2017-07-21,2708213.54,123.11956737026595
1397,2017-07-24,2711052.23,123.34919359688367
1398,2017-07-25,2846001.24,123.77062618584851
1399,2017-07-26,2813617.15,124.20772465407684
1400,2017-07-27,2852690.33,124.4417549017335
1401,2017-07-28,2960766.61,124.94322486194208
1402,2017-07-31,2817675.21,125.3875035343487
1403,2017-08-01,2220799.2,125.3080362004095
1404,2017-08-02,2701217.54,125.54784188483247
1405,2017-08-03,2913474.63,125.92941185350547
1406,2017-08-04,2704907.21,126.08647058088101
1407,2017-08-07,2757538.19,126.40769019083245
1408,2017-08-08,2908513.36,126.85036604114202
1409,2017-08-09,2669882.96,127.238043258732
1410,2017-08-10,2867182.21,127.66569842052421
1411,2017-08-11,2965066.52,128.05828845790342
1412,2017-08-14,2942552.86,128.49078111475802
1413,2017-08-15,2974984.14,128.98759677355488
1414,2017-08-16,3204158.42,129.73172063085065
1415,2017-08-17,3089674.99,130.3752824705803
1416,2017-08-18,3004371.12,130.97174166650612
1417,2017-08-21,2917174.56,131.43483294840152
1418,2017-08-22,2845060.99,131.90221973805322
1419,2017-08-23,2781265.04,132.2237714537872
1420,2017-08-24,2812843.08,132.7494310018259
1421,2017-08-25,2770212.55,132.9095221713843
1422,2017-08-28,2750869.86,133.0352030155626
1423,2017-08-29,2622483.9,133.02863637961113
1424,2017-08-30,2793752.68,133.40516813138066
1425,2017-08-31,2619361.49,133.4646180435547
1426,2017-09-01,3052608.4,133.87034553709077
1427,2017-09-05,2615154.33,133.9580609326943
1428,2017-09-06,2632654.38,134.03062723293976
1429,2017-09-07,2562536.03,134.05240952080274
1430,2017-09-08,2712321.32,134.17268968402394
1431,2017-09-11,2260981.93,133.9510869477979
1432,2017-09-12,2396264.11,133.73924778879552
1433,2017-09-13,2434091.04,133.59191834896836
1434,2017-09-14,2422264.12,133.5067748829244
1435,2017-09-15,2351119.57,133.3242375891342
1436,2017-09-18,2446859.67,133.2824667940872
1437,2017-09-19,2271081.05,133.00001830142088
1438,2017-09-20,2460332.28,132.95266151109163
1439,2017-09-21,2413387.81,132.78751599119073
1440,2017-09-22,2306596.0,132.49038392384395
1441,2017-09-25,2531591.95,132.4076202705631
1442,2017-09-26,2468966.91,132.2746833265289
1443,2017-09-27,2475804.38,132.05815040525633
1444,2017-09-28,2456170.84,131.9254645735518
1445,2017-09-29,2460432.79,131.78789888223358
1446,2017-10-02,2503010.29,131.55213519524378
1447,2017-10-03,2555753.03,131.30679985207217
1448,2017-10-04,2411192.89,131.02036232174
1449,2017-10-05,2203511.27,130.66162152005143
1450,2017-10-06,2447994.96,130.546684559352
1451,2017-10-09,2339582.56,130.08547024567093
1452,2017-10-10,2514747.58,129.9232363955403
1453,2017-10-11,2536658.19,129.69926953954243
1454,2017-10-12,2460503.92,129.52958753801096
1455,2017-10-13,2459035.54,129.45133243055238
1456,2017-10-16,2360194.07,129.16747242509788
1457,2017-10-17,2156503.54,128.7151580928906
1458,2017-10-18,2468935.01,128.40760627084882
1459,2017-10-19,2566323.92,128.2059030224166
1460,2017-10-20,2669870.18,128.05678685723137
1461,2017-10-23,2421855.43,127.6172271668086
1462,2017-10-24,2663445.33,127.49143048486421
1463,2017-10-25,2637726.12,127.83149444101394
1464,2017-10-26,2576311.01,127.72961517464098
1465,2017-10-27,2685180.05,127.54340806179172
1466,2017-10-30,2402733.01,127.29694147743594
1467,2017-10-31,2594008.64,127.16355957511026
1468,2017-11-01,2378087.77,126.73092110557117
1469,2017-11-02,2291323.27,126.42215115178595
1470,2017-11-03,2274609.01,125.93882235473849
1471,2017-11-06,2432215.97,125.5042059810355
1472,2017-11-07,2204715.9,124.90239366435638
1473,2017-11-08,2060335.81,124.1563662080685
1474,2017-11-09,2350187.51,123.45982992758228
1475,2017-11-10,2434995.9,122.9258448316957
1476,2017-11-13,2636133.86,122.62549430638701
1477,2017-11-14,2445927.52,122.24112446827186
1478,2017-11-15,2434750.6,121.90645724536206
1479,2017-11-16,2353554.43,121.5575976367673
1480,2017-11-17,2367313.3,121.19420392841833
1481,2017-11-20,2406415.49,120.89747502576259
1482,2017-11-21,2377604.89,120.5930236787728
1483,2017-11-22,2291499.98,120.32305861809226
1484,2017-11-24,2313574.62,119.93140424677007
1485,2017-11-27,2320935.33,119.68799472889059
1486,2017-11-28,2202287.2,118.99443531260252
1487,2017-11-29,2432996.86,118.84585965840773
1488,2017-11-30,2407125.17,118.66190810310897
1489,2017-12-01,2339772.39,118.48021226848954
1490,2017-12-04,2389483.1,118.21689119944095
1491,2017-12-05,2283963.77,118.23563620019553
1492,2017-12-06,2274414.37,118.13625018635835
1493,2017-12-07,2200751.05,117.94592781492852
1494,2017-12-08,2270859.52,117.82243555576889
1495,2017-12-11,2330007.0,117.80521521394331
1496,2017-12-12,2055416.66,117.48593705702373
1497,2017-12-13,2187331.7,117.41762739909625
1498,2017-12-14,2283024.48,117.2730073493182
1499,2017-12-15,2225734.09,117.11994871158521
1500,2017-12-18,2225283.7,117.05362681895801
1501,2017-12-19,2250696.17,116.82451585099133
1502,2017-12-20,2265328.5,116.65841939617707
1503,2017-12-21,2206824.21,116.43902732445373
1504,2017-12-22,2181302.49,116.21483259382481
1505,2017-12-26,2189793.89,115.99408758886804
1506,2017-12-27,2107600.61,115.67157404121635
1507,2017-12-28,2171652.18,115.35828447331922
1508,2017-12-29,2118405.08,115.1194738419956
1509,2018-01-02,2156881.64,115.08144066234004
1510,2018-01-03,2161348.57,114.84763924361793
1511,2018-01-04,2140971.72,114.6856434962946
1512,2018-01-05,2183116.33,114.41515044475962
1513,2018-01-08,2172404.16,114.11804881724831
1514,2018-01-09,2025102.57,113.76291630243269
1515,2018-01-10,2160822.95,113.51968098165021
1516,2018-01-11,2192709.09,113.3830728564314
1517,2018-01-12,2185835.52,113.40699731101087
1518,2018-01-16,2211414.26,113.19695204687766
